category,name,file,notes
config,run_config.yml,/Users/galen2/Documents/Documents_Folder/Rashid_Lab/RNAseq_Data_analysis /Codex_RNAseq/output/DESeq2_GRCg7b_Free_vs_Pygostyle_by_ENS_20260223_115157/run_config.yml,Run parameter snapshot.
logs,run.log,/Users/galen2/Documents/Documents_Folder/Rashid_Lab/RNAseq_Data_analysis /Codex_RNAseq/output/DESeq2_GRCg7b_Free_vs_Pygostyle_by_ENS_20260223_115157/logs/run.log,Console output and messages.
table,summary_stats,/Users/galen2/Documents/Documents_Folder/Rashid_Lab/RNAseq_Data_analysis /Codex_RNAseq/output/DESeq2_GRCg7b_Free_vs_Pygostyle_by_ENS_20260223_115157/tables/summary_stats.xlsx,Summary counts.
table,common_gene_logFC_summary_csv,/Users/galen2/Documents/Documents_Folder/Rashid_Lab/RNAseq_Data_analysis /Codex_RNAseq/output/DESeq2_GRCg7b_Free_vs_Pygostyle_by_ENS_20260223_115157/tables/common_gene_logFC_summary.csv,Machine-readable.
table,common_gene_logFC_summary_xlsx,/Users/galen2/Documents/Documents_Folder/Rashid_Lab/RNAseq_Data_analysis /Codex_RNAseq/output/DESeq2_GRCg7b_Free_vs_Pygostyle_by_ENS_20260223_115157/tables/common_gene_logFC_summary.xlsx,Human-readable.
plot,testset_vs_universe_pie,/Users/galen2/Documents/Documents_Folder/Rashid_Lab/RNAseq_Data_analysis /Codex_RNAseq/output/DESeq2_GRCg7b_Free_vs_Pygostyle_by_ENS_20260223_115157/plots/testset_vs_universe_pie.pdf,Base R pie chart.
plot,gene_counts_barplot,/Users/galen2/Documents/Documents_Folder/Rashid_Lab/RNAseq_Data_analysis /Codex_RNAseq/output/DESeq2_GRCg7b_Free_vs_Pygostyle_by_ENS_20260223_115157/plots/gene_counts_barplot.pdf,Base R barplot.
table,up_vs_down_summary,/Users/galen2/Documents/Documents_Folder/Rashid_Lab/RNAseq_Data_analysis /Codex_RNAseq/output/DESeq2_GRCg7b_Free_vs_Pygostyle_by_ENS_20260223_115157/tables/up_vs_down_summary.xlsx,Counts and gene lists.
table,hallmark_fgsea_all,/Users/galen2/Documents/Documents_Folder/Rashid_Lab/RNAseq_Data_analysis /Codex_RNAseq/output/DESeq2_GRCg7b_Free_vs_Pygostyle_by_ENS_20260223_115157/tables/signatures/hallmark_fgsea_all.xlsx,Hallmark fgsea results.
table,hallmark_selected,/Users/galen2/Documents/Documents_Folder/Rashid_Lab/RNAseq_Data_analysis /Codex_RNAseq/output/DESeq2_GRCg7b_Free_vs_Pygostyle_by_ENS_20260223_115157/tables/signatures/hallmark_selected.xlsx,Selected Hallmark summary.
plot,hallmark_selected_NES_bar,/Users/galen2/Documents/Documents_Folder/Rashid_Lab/RNAseq_Data_analysis /Codex_RNAseq/output/DESeq2_GRCg7b_Free_vs_Pygostyle_by_ENS_20260223_115157/plots/signatures/hallmark_selected_NES_bar.pdf,PDF
plot,hallmark_selected_NES_bar,/Users/galen2/Documents/Documents_Folder/Rashid_Lab/RNAseq_Data_analysis /Codex_RNAseq/output/DESeq2_GRCg7b_Free_vs_Pygostyle_by_ENS_20260223_115157/plots/signatures/hallmark_selected_NES_bar.svg,SVG
plot,hallmark_selected_running_scores,/Users/galen2/Documents/Documents_Folder/Rashid_Lab/RNAseq_Data_analysis /Codex_RNAseq/output/DESeq2_GRCg7b_Free_vs_Pygostyle_by_ENS_20260223_115157/plots/signatures/hallmark_selected_running_scores.pdf,Top selected hallmark running-score plots.
table,chicken_to_human_orthologs,/Users/galen2/Documents/Documents_Folder/Rashid_Lab/RNAseq_Data_analysis /Codex_RNAseq/output/DESeq2_GRCg7b_Free_vs_Pygostyle_by_ENS_20260223_115157/tables/activity/chicken_to_human_orthologs.xlsx,Chicken to human ortholog mapping.
table,activity_inference_note,/Users/galen2/Documents/Documents_Folder/Rashid_Lab/RNAseq_Data_analysis /Codex_RNAseq/output/DESeq2_GRCg7b_Free_vs_Pygostyle_by_ENS_20260223_115157/tables/activity/activity_inference_note.txt,Activity module notes.
r_object,kegg_maps_cache,/Users/galen2/Documents/Documents_Folder/Rashid_Lab/RNAseq_Data_analysis /Codex_RNAseq/output/DESeq2_GRCg7b_Free_vs_Pygostyle_by_ENS_20260223_115157/r_objects/kegg_maps.rds,Cached KEGG term mappings.
logs,KEGG_fetch_date,/Users/galen2/Documents/Documents_Folder/Rashid_Lab/RNAseq_Data_analysis /Codex_RNAseq/output/DESeq2_GRCg7b_Free_vs_Pygostyle_by_ENS_20260223_115157/logs/KEGG_fetch_date.txt,Timestamp for KEGG retrieval.
r_object,kegg_ko_cache,/Users/galen2/Documents/Documents_Folder/Rashid_Lab/RNAseq_Data_analysis /Codex_RNAseq/output/DESeq2_GRCg7b_Free_vs_Pygostyle_by_ENS_20260223_115157/r_objects/kegg_ko_map.rds,Cached KEGG ko mapping.
table,KEGG_GSEA_results,/Users/galen2/Documents/Documents_Folder/Rashid_Lab/RNAseq_Data_analysis /Codex_RNAseq/output/DESeq2_GRCg7b_Free_vs_Pygostyle_by_ENS_20260223_115157/tables/KEGG_GSEA_results.xlsx,Convenience standalone export.
plot,directional_go_bp_up,/Users/galen2/Documents/Documents_Folder/Rashid_Lab/RNAseq_Data_analysis /Codex_RNAseq/output/DESeq2_GRCg7b_Free_vs_Pygostyle_by_ENS_20260223_115157/plots/directional/directional_go_bp_up.pdf,PDF
plot,directional_go_bp_up,/Users/galen2/Documents/Documents_Folder/Rashid_Lab/RNAseq_Data_analysis /Codex_RNAseq/output/DESeq2_GRCg7b_Free_vs_Pygostyle_by_ENS_20260223_115157/plots/directional/directional_go_bp_up.svg,SVG
plot,directional_go_bp_down,/Users/galen2/Documents/Documents_Folder/Rashid_Lab/RNAseq_Data_analysis /Codex_RNAseq/output/DESeq2_GRCg7b_Free_vs_Pygostyle_by_ENS_20260223_115157/plots/directional/directional_go_bp_down.pdf,PDF
plot,directional_go_bp_down,/Users/galen2/Documents/Documents_Folder/Rashid_Lab/RNAseq_Data_analysis /Codex_RNAseq/output/DESeq2_GRCg7b_Free_vs_Pygostyle_by_ENS_20260223_115157/plots/directional/directional_go_bp_down.svg,SVG
plot,directional_go_mf_up,/Users/galen2/Documents/Documents_Folder/Rashid_Lab/RNAseq_Data_analysis /Codex_RNAseq/output/DESeq2_GRCg7b_Free_vs_Pygostyle_by_ENS_20260223_115157/plots/directional/directional_go_mf_up.pdf,PDF
plot,directional_go_mf_up,/Users/galen2/Documents/Documents_Folder/Rashid_Lab/RNAseq_Data_analysis /Codex_RNAseq/output/DESeq2_GRCg7b_Free_vs_Pygostyle_by_ENS_20260223_115157/plots/directional/directional_go_mf_up.svg,SVG
plot,directional_go_mf_down,/Users/galen2/Documents/Documents_Folder/Rashid_Lab/RNAseq_Data_analysis /Codex_RNAseq/output/DESeq2_GRCg7b_Free_vs_Pygostyle_by_ENS_20260223_115157/plots/directional/directional_go_mf_down.pdf,PDF
plot,directional_go_mf_down,/Users/galen2/Documents/Documents_Folder/Rashid_Lab/RNAseq_Data_analysis /Codex_RNAseq/output/DESeq2_GRCg7b_Free_vs_Pygostyle_by_ENS_20260223_115157/plots/directional/directional_go_mf_down.svg,SVG
plot,directional_kegg_up,/Users/galen2/Documents/Documents_Folder/Rashid_Lab/RNAseq_Data_analysis /Codex_RNAseq/output/DESeq2_GRCg7b_Free_vs_Pygostyle_by_ENS_20260223_115157/plots/directional/directional_kegg_up.pdf,PDF
plot,directional_kegg_up,/Users/galen2/Documents/Documents_Folder/Rashid_Lab/RNAseq_Data_analysis /Codex_RNAseq/output/DESeq2_GRCg7b_Free_vs_Pygostyle_by_ENS_20260223_115157/plots/directional/directional_kegg_up.svg,SVG
plot,directional_kegg_down,/Users/galen2/Documents/Documents_Folder/Rashid_Lab/RNAseq_Data_analysis /Codex_RNAseq/output/DESeq2_GRCg7b_Free_vs_Pygostyle_by_ENS_20260223_115157/plots/directional/directional_kegg_down.pdf,PDF
plot,directional_kegg_down,/Users/galen2/Documents/Documents_Folder/Rashid_Lab/RNAseq_Data_analysis /Codex_RNAseq/output/DESeq2_GRCg7b_Free_vs_Pygostyle_by_ENS_20260223_115157/plots/directional/directional_kegg_down.svg,SVG
plot,directional_reactome_up,/Users/galen2/Documents/Documents_Folder/Rashid_Lab/RNAseq_Data_analysis /Codex_RNAseq/output/DESeq2_GRCg7b_Free_vs_Pygostyle_by_ENS_20260223_115157/plots/directional/directional_reactome_up.pdf,PDF
plot,directional_reactome_up,/Users/galen2/Documents/Documents_Folder/Rashid_Lab/RNAseq_Data_analysis /Codex_RNAseq/output/DESeq2_GRCg7b_Free_vs_Pygostyle_by_ENS_20260223_115157/plots/directional/directional_reactome_up.svg,SVG
plot,directional_reactome_down,/Users/galen2/Documents/Documents_Folder/Rashid_Lab/RNAseq_Data_analysis /Codex_RNAseq/output/DESeq2_GRCg7b_Free_vs_Pygostyle_by_ENS_20260223_115157/plots/directional/directional_reactome_down.pdf,PDF
plot,directional_reactome_down,/Users/galen2/Documents/Documents_Folder/Rashid_Lab/RNAseq_Data_analysis /Codex_RNAseq/output/DESeq2_GRCg7b_Free_vs_Pygostyle_by_ENS_20260223_115157/plots/directional/directional_reactome_down.svg,SVG
plot,comparecluster_go_bp,/Users/galen2/Documents/Documents_Folder/Rashid_Lab/RNAseq_Data_analysis /Codex_RNAseq/output/DESeq2_GRCg7b_Free_vs_Pygostyle_by_ENS_20260223_115157/plots/directional/comparecluster_go_bp.pdf,PDF
plot,comparecluster_go_bp,/Users/galen2/Documents/Documents_Folder/Rashid_Lab/RNAseq_Data_analysis /Codex_RNAseq/output/DESeq2_GRCg7b_Free_vs_Pygostyle_by_ENS_20260223_115157/plots/directional/comparecluster_go_bp.svg,SVG
plot,comparecluster_go_mf,/Users/galen2/Documents/Documents_Folder/Rashid_Lab/RNAseq_Data_analysis /Codex_RNAseq/output/DESeq2_GRCg7b_Free_vs_Pygostyle_by_ENS_20260223_115157/plots/directional/comparecluster_go_mf.pdf,PDF
plot,comparecluster_go_mf,/Users/galen2/Documents/Documents_Folder/Rashid_Lab/RNAseq_Data_analysis /Codex_RNAseq/output/DESeq2_GRCg7b_Free_vs_Pygostyle_by_ENS_20260223_115157/plots/directional/comparecluster_go_mf.svg,SVG
plot,comparecluster_kegg,/Users/galen2/Documents/Documents_Folder/Rashid_Lab/RNAseq_Data_analysis /Codex_RNAseq/output/DESeq2_GRCg7b_Free_vs_Pygostyle_by_ENS_20260223_115157/plots/directional/comparecluster_kegg.pdf,PDF
plot,comparecluster_kegg,/Users/galen2/Documents/Documents_Folder/Rashid_Lab/RNAseq_Data_analysis /Codex_RNAseq/output/DESeq2_GRCg7b_Free_vs_Pygostyle_by_ENS_20260223_115157/plots/directional/comparecluster_kegg.svg,SVG
plot,comparecluster_reactome,/Users/galen2/Documents/Documents_Folder/Rashid_Lab/RNAseq_Data_analysis /Codex_RNAseq/output/DESeq2_GRCg7b_Free_vs_Pygostyle_by_ENS_20260223_115157/plots/directional/comparecluster_reactome.pdf,PDF
plot,comparecluster_reactome,/Users/galen2/Documents/Documents_Folder/Rashid_Lab/RNAseq_Data_analysis /Codex_RNAseq/output/DESeq2_GRCg7b_Free_vs_Pygostyle_by_ENS_20260223_115157/plots/directional/comparecluster_reactome.svg,SVG
table,directional_ORA_GO_BP,/Users/galen2/Documents/Documents_Folder/Rashid_Lab/RNAseq_Data_analysis /Codex_RNAseq/output/DESeq2_GRCg7b_Free_vs_Pygostyle_by_ENS_20260223_115157/tables/signatures/directional_ORA_GO_BP.xlsx,Directional ORA GO BP.
table,directional_ORA_GO_MF,/Users/galen2/Documents/Documents_Folder/Rashid_Lab/RNAseq_Data_analysis /Codex_RNAseq/output/DESeq2_GRCg7b_Free_vs_Pygostyle_by_ENS_20260223_115157/tables/signatures/directional_ORA_GO_MF.xlsx,Directional ORA GO MF.
table,directional_ORA_KEGG,/Users/galen2/Documents/Documents_Folder/Rashid_Lab/RNAseq_Data_analysis /Codex_RNAseq/output/DESeq2_GRCg7b_Free_vs_Pygostyle_by_ENS_20260223_115157/tables/signatures/directional_ORA_KEGG.xlsx,Directional ORA KEGG.
table,directional_ORA_Reactome,/Users/galen2/Documents/Documents_Folder/Rashid_Lab/RNAseq_Data_analysis /Codex_RNAseq/output/DESeq2_GRCg7b_Free_vs_Pygostyle_by_ENS_20260223_115157/tables/signatures/directional_ORA_Reactome.xlsx,Directional ORA Reactome.
plot,volcano_all,/Users/galen2/Documents/Documents_Folder/Rashid_Lab/RNAseq_Data_analysis /Codex_RNAseq/output/DESeq2_GRCg7b_Free_vs_Pygostyle_by_ENS_20260223_115157/plots/volcano/volcano_all.pdf,PDF
plot,volcano_all,/Users/galen2/Documents/Documents_Folder/Rashid_Lab/RNAseq_Data_analysis /Codex_RNAseq/output/DESeq2_GRCg7b_Free_vs_Pygostyle_by_ENS_20260223_115157/plots/volcano/volcano_all.svg,SVG
plot,volcano_top_genes_large,/Users/galen2/Documents/Documents_Folder/Rashid_Lab/RNAseq_Data_analysis /Codex_RNAseq/output/DESeq2_GRCg7b_Free_vs_Pygostyle_by_ENS_20260223_115157/plots/volcano/volcano_top_genes_large.pdf,PDF
plot,volcano_top_genes_large,/Users/galen2/Documents/Documents_Folder/Rashid_Lab/RNAseq_Data_analysis /Codex_RNAseq/output/DESeq2_GRCg7b_Free_vs_Pygostyle_by_ENS_20260223_115157/plots/volcano/volcano_top_genes_large.svg,SVG
plot,logFC_bins_barplot,/Users/galen2/Documents/Documents_Folder/Rashid_Lab/RNAseq_Data_analysis /Codex_RNAseq/output/DESeq2_GRCg7b_Free_vs_Pygostyle_by_ENS_20260223_115157/plots/logFC_bins_barplot.pdf,Base R histogram bins barplot.
table,damp_fa_gene_panel_hits_csv,/Users/galen2/Documents/Documents_Folder/Rashid_Lab/RNAseq_Data_analysis /Codex_RNAseq/output/DESeq2_GRCg7b_Free_vs_Pygostyle_by_ENS_20260223_115157/tables/signatures/damp_fa_gene_panel_hits.csv,Curated DAMP/FA panel hits.
table,damp_fa_gene_panel_hits_xlsx,/Users/galen2/Documents/Documents_Folder/Rashid_Lab/RNAseq_Data_analysis /Codex_RNAseq/output/DESeq2_GRCg7b_Free_vs_Pygostyle_by_ENS_20260223_115157/tables/signatures/damp_fa_gene_panel_hits.xlsx,Curated DAMP/FA panel hits.
plot,volcano_damp_fa_panel,/Users/galen2/Documents/Documents_Folder/Rashid_Lab/RNAseq_Data_analysis /Codex_RNAseq/output/DESeq2_GRCg7b_Free_vs_Pygostyle_by_ENS_20260223_115157/plots/dashboard/volcano_damp_fa_panel.pdf,PDF
plot,volcano_damp_fa_panel,/Users/galen2/Documents/Documents_Folder/Rashid_Lab/RNAseq_Data_analysis /Codex_RNAseq/output/DESeq2_GRCg7b_Free_vs_Pygostyle_by_ENS_20260223_115157/plots/dashboard/volcano_damp_fa_panel.svg,SVG
plot,damp_fa_panel_logFC_bar,/Users/galen2/Documents/Documents_Folder/Rashid_Lab/RNAseq_Data_analysis /Codex_RNAseq/output/DESeq2_GRCg7b_Free_vs_Pygostyle_by_ENS_20260223_115157/plots/dashboard/damp_fa_panel_logFC_bar.pdf,PDF
plot,damp_fa_panel_logFC_bar,/Users/galen2/Documents/Documents_Folder/Rashid_Lab/RNAseq_Data_analysis /Codex_RNAseq/output/DESeq2_GRCg7b_Free_vs_Pygostyle_by_ENS_20260223_115157/plots/dashboard/damp_fa_panel_logFC_bar.svg,SVG
table,term_subsets_ora_go_bp,/Users/galen2/Documents/Documents_Folder/Rashid_Lab/RNAseq_Data_analysis /Codex_RNAseq/output/DESeq2_GRCg7b_Free_vs_Pygostyle_by_ENS_20260223_115157/tables/signatures/term_subsets_ora_go_bp.xlsx,DAMP/lipid/sterile term subset workbook.
table,term_subsets_ora_go_mf,/Users/galen2/Documents/Documents_Folder/Rashid_Lab/RNAseq_Data_analysis /Codex_RNAseq/output/DESeq2_GRCg7b_Free_vs_Pygostyle_by_ENS_20260223_115157/tables/signatures/term_subsets_ora_go_mf.xlsx,DAMP/lipid/sterile term subset workbook.
table,term_subsets_ora_kegg,/Users/galen2/Documents/Documents_Folder/Rashid_Lab/RNAseq_Data_analysis /Codex_RNAseq/output/DESeq2_GRCg7b_Free_vs_Pygostyle_by_ENS_20260223_115157/tables/signatures/term_subsets_ora_kegg.xlsx,DAMP/lipid/sterile term subset workbook.
table,term_subsets_ora_reactome,/Users/galen2/Documents/Documents_Folder/Rashid_Lab/RNAseq_Data_analysis /Codex_RNAseq/output/DESeq2_GRCg7b_Free_vs_Pygostyle_by_ENS_20260223_115157/tables/signatures/term_subsets_ora_reactome.xlsx,DAMP/lipid/sterile term subset workbook.
table,term_subsets_gsea_go_bp,/Users/galen2/Documents/Documents_Folder/Rashid_Lab/RNAseq_Data_analysis /Codex_RNAseq/output/DESeq2_GRCg7b_Free_vs_Pygostyle_by_ENS_20260223_115157/tables/signatures/term_subsets_gsea_go_bp.xlsx,DAMP/lipid/sterile term subset workbook.
plot,term_subset_gsea_go_bp_sterile,/Users/galen2/Documents/Documents_Folder/Rashid_Lab/RNAseq_Data_analysis /Codex_RNAseq/output/DESeq2_GRCg7b_Free_vs_Pygostyle_by_ENS_20260223_115157/plots/dashboard/term_subset_gsea_go_bp_sterile.pdf,PDF
plot,term_subset_gsea_go_bp_sterile,/Users/galen2/Documents/Documents_Folder/Rashid_Lab/RNAseq_Data_analysis /Codex_RNAseq/output/DESeq2_GRCg7b_Free_vs_Pygostyle_by_ENS_20260223_115157/plots/dashboard/term_subset_gsea_go_bp_sterile.svg,SVG
table,term_subsets_gsea_go_mf,/Users/galen2/Documents/Documents_Folder/Rashid_Lab/RNAseq_Data_analysis /Codex_RNAseq/output/DESeq2_GRCg7b_Free_vs_Pygostyle_by_ENS_20260223_115157/tables/signatures/term_subsets_gsea_go_mf.xlsx,DAMP/lipid/sterile term subset workbook.
table,term_subsets_gsea_kegg,/Users/galen2/Documents/Documents_Folder/Rashid_Lab/RNAseq_Data_analysis /Codex_RNAseq/output/DESeq2_GRCg7b_Free_vs_Pygostyle_by_ENS_20260223_115157/tables/signatures/term_subsets_gsea_kegg.xlsx,DAMP/lipid/sterile term subset workbook.
plot,upset_full_pdf,/Users/galen2/Documents/Documents_Folder/Rashid_Lab/RNAseq_Data_analysis /Codex_RNAseq/output/DESeq2_GRCg7b_Free_vs_Pygostyle_by_ENS_20260223_115157/plots/enrichment/upset_full.pdf,UpSet plot.
plot,upset_full_png,/Users/galen2/Documents/Documents_Folder/Rashid_Lab/RNAseq_Data_analysis /Codex_RNAseq/output/DESeq2_GRCg7b_Free_vs_Pygostyle_by_ENS_20260223_115157/plots/enrichment/upset_full.png,UpSet plot.
plot,upset_full_upsetr,/Users/galen2/Documents/Documents_Folder/Rashid_Lab/RNAseq_Data_analysis /Codex_RNAseq/output/DESeq2_GRCg7b_Free_vs_Pygostyle_by_ENS_20260223_115157/plots/enrichment/upset_full_UpSetR.pdf,UpSetR fallback plot.
plot,upset_neural_pdf,/Users/galen2/Documents/Documents_Folder/Rashid_Lab/RNAseq_Data_analysis /Codex_RNAseq/output/DESeq2_GRCg7b_Free_vs_Pygostyle_by_ENS_20260223_115157/plots/enrichment/upset_neural.pdf,UpSet plot.
plot,upset_neural_png,/Users/galen2/Documents/Documents_Folder/Rashid_Lab/RNAseq_Data_analysis /Codex_RNAseq/output/DESeq2_GRCg7b_Free_vs_Pygostyle_by_ENS_20260223_115157/plots/enrichment/upset_neural.png,UpSet plot.
plot,upset_neural_upsetr,/Users/galen2/Documents/Documents_Folder/Rashid_Lab/RNAseq_Data_analysis /Codex_RNAseq/output/DESeq2_GRCg7b_Free_vs_Pygostyle_by_ENS_20260223_115157/plots/enrichment/upset_neural_UpSetR.pdf,UpSetR fallback plot.
plot,cnetplot_GO_ORA,/Users/galen2/Documents/Documents_Folder/Rashid_Lab/RNAseq_Data_analysis /Codex_RNAseq/output/DESeq2_GRCg7b_Free_vs_Pygostyle_by_ENS_20260223_115157/plots/enrichment/cnetplot_GO_ORA.pdf,PDF
plot,cnetplot_GO_ORA,/Users/galen2/Documents/Documents_Folder/Rashid_Lab/RNAseq_Data_analysis /Codex_RNAseq/output/DESeq2_GRCg7b_Free_vs_Pygostyle_by_ENS_20260223_115157/plots/enrichment/cnetplot_GO_ORA.svg,SVG
plot,dotplot_go_ora,/Users/galen2/Documents/Documents_Folder/Rashid_Lab/RNAseq_Data_analysis /Codex_RNAseq/output/DESeq2_GRCg7b_Free_vs_Pygostyle_by_ENS_20260223_115157/plots/enrichment/dotplot_go_ora.pdf,PDF
plot,dotplot_go_ora,/Users/galen2/Documents/Documents_Folder/Rashid_Lab/RNAseq_Data_analysis /Codex_RNAseq/output/DESeq2_GRCg7b_Free_vs_Pygostyle_by_ENS_20260223_115157/plots/enrichment/dotplot_go_ora.svg,SVG
plot,dotplot_go_mf_ora,/Users/galen2/Documents/Documents_Folder/Rashid_Lab/RNAseq_Data_analysis /Codex_RNAseq/output/DESeq2_GRCg7b_Free_vs_Pygostyle_by_ENS_20260223_115157/plots/enrichment/dotplot_go_mf_ora.pdf,PDF
plot,dotplot_go_mf_ora,/Users/galen2/Documents/Documents_Folder/Rashid_Lab/RNAseq_Data_analysis /Codex_RNAseq/output/DESeq2_GRCg7b_Free_vs_Pygostyle_by_ENS_20260223_115157/plots/enrichment/dotplot_go_mf_ora.svg,SVG
plot,dotplot_kegg_ora,/Users/galen2/Documents/Documents_Folder/Rashid_Lab/RNAseq_Data_analysis /Codex_RNAseq/output/DESeq2_GRCg7b_Free_vs_Pygostyle_by_ENS_20260223_115157/plots/enrichment/dotplot_kegg_ora.pdf,PDF
plot,dotplot_kegg_ora,/Users/galen2/Documents/Documents_Folder/Rashid_Lab/RNAseq_Data_analysis /Codex_RNAseq/output/DESeq2_GRCg7b_Free_vs_Pygostyle_by_ENS_20260223_115157/plots/enrichment/dotplot_kegg_ora.svg,SVG
plot,dotplot_reactome_ora,/Users/galen2/Documents/Documents_Folder/Rashid_Lab/RNAseq_Data_analysis /Codex_RNAseq/output/DESeq2_GRCg7b_Free_vs_Pygostyle_by_ENS_20260223_115157/plots/enrichment/dotplot_reactome_ora.pdf,PDF
plot,dotplot_reactome_ora,/Users/galen2/Documents/Documents_Folder/Rashid_Lab/RNAseq_Data_analysis /Codex_RNAseq/output/DESeq2_GRCg7b_Free_vs_Pygostyle_by_ENS_20260223_115157/plots/enrichment/dotplot_reactome_ora.svg,SVG
plot,dotplot_go_gsea,/Users/galen2/Documents/Documents_Folder/Rashid_Lab/RNAseq_Data_analysis /Codex_RNAseq/output/DESeq2_GRCg7b_Free_vs_Pygostyle_by_ENS_20260223_115157/plots/enrichment/dotplot_go_gsea.pdf,PDF
plot,dotplot_go_gsea,/Users/galen2/Documents/Documents_Folder/Rashid_Lab/RNAseq_Data_analysis /Codex_RNAseq/output/DESeq2_GRCg7b_Free_vs_Pygostyle_by_ENS_20260223_115157/plots/enrichment/dotplot_go_gsea.svg,SVG
plot,dotplot_go_mf_gsea,/Users/galen2/Documents/Documents_Folder/Rashid_Lab/RNAseq_Data_analysis /Codex_RNAseq/output/DESeq2_GRCg7b_Free_vs_Pygostyle_by_ENS_20260223_115157/plots/enrichment/dotplot_go_mf_gsea.pdf,PDF
plot,dotplot_go_mf_gsea,/Users/galen2/Documents/Documents_Folder/Rashid_Lab/RNAseq_Data_analysis /Codex_RNAseq/output/DESeq2_GRCg7b_Free_vs_Pygostyle_by_ENS_20260223_115157/plots/enrichment/dotplot_go_mf_gsea.svg,SVG
plot,cnetplot_go_ora,/Users/galen2/Documents/Documents_Folder/Rashid_Lab/RNAseq_Data_analysis /Codex_RNAseq/output/DESeq2_GRCg7b_Free_vs_Pygostyle_by_ENS_20260223_115157/plots/enrichment/cnetplot_GO_ORA.pdf,PDF
plot,cnetplot_go_ora,/Users/galen2/Documents/Documents_Folder/Rashid_Lab/RNAseq_Data_analysis /Codex_RNAseq/output/DESeq2_GRCg7b_Free_vs_Pygostyle_by_ENS_20260223_115157/plots/enrichment/cnetplot_GO_ORA.svg,SVG
plot,cnetplot_kegg_ora,/Users/galen2/Documents/Documents_Folder/Rashid_Lab/RNAseq_Data_analysis /Codex_RNAseq/output/DESeq2_GRCg7b_Free_vs_Pygostyle_by_ENS_20260223_115157/plots/enrichment/cnetplot_kegg_ora.pdf,PDF
plot,cnetplot_kegg_ora,/Users/galen2/Documents/Documents_Folder/Rashid_Lab/RNAseq_Data_analysis /Codex_RNAseq/output/DESeq2_GRCg7b_Free_vs_Pygostyle_by_ENS_20260223_115157/plots/enrichment/cnetplot_kegg_ora.svg,SVG
plot,cnetplot_reactome_ora,/Users/galen2/Documents/Documents_Folder/Rashid_Lab/RNAseq_Data_analysis /Codex_RNAseq/output/DESeq2_GRCg7b_Free_vs_Pygostyle_by_ENS_20260223_115157/plots/enrichment/cnetplot_reactome_ora.pdf,PDF
plot,cnetplot_reactome_ora,/Users/galen2/Documents/Documents_Folder/Rashid_Lab/RNAseq_Data_analysis /Codex_RNAseq/output/DESeq2_GRCg7b_Free_vs_Pygostyle_by_ENS_20260223_115157/plots/enrichment/cnetplot_reactome_ora.svg,SVG
plot,cnetplot_go_gsea,/Users/galen2/Documents/Documents_Folder/Rashid_Lab/RNAseq_Data_analysis /Codex_RNAseq/output/DESeq2_GRCg7b_Free_vs_Pygostyle_by_ENS_20260223_115157/plots/enrichment/cnetplot_go_gsea.pdf,PDF
plot,cnetplot_go_gsea,/Users/galen2/Documents/Documents_Folder/Rashid_Lab/RNAseq_Data_analysis /Codex_RNAseq/output/DESeq2_GRCg7b_Free_vs_Pygostyle_by_ENS_20260223_115157/plots/enrichment/cnetplot_go_gsea.svg,SVG
plot,emapplot_GO_ORA,/Users/galen2/Documents/Documents_Folder/Rashid_Lab/RNAseq_Data_analysis /Codex_RNAseq/output/DESeq2_GRCg7b_Free_vs_Pygostyle_by_ENS_20260223_115157/plots/enrichment/emapplot_GO_ORA.pdf,PDF
plot,emapplot_GO_ORA,/Users/galen2/Documents/Documents_Folder/Rashid_Lab/RNAseq_Data_analysis /Codex_RNAseq/output/DESeq2_GRCg7b_Free_vs_Pygostyle_by_ENS_20260223_115157/plots/enrichment/emapplot_GO_ORA.svg,SVG
plot,gsea_running_score,/Users/galen2/Documents/Documents_Folder/Rashid_Lab/RNAseq_Data_analysis /Codex_RNAseq/output/DESeq2_GRCg7b_Free_vs_Pygostyle_by_ENS_20260223_115157/plots/enrichment/gsea_running_score.pdf,Top 3 GSEA running score plots.
table,gsea_leading_edge_genes,/Users/galen2/Documents/Documents_Folder/Rashid_Lab/RNAseq_Data_analysis /Codex_RNAseq/output/DESeq2_GRCg7b_Free_vs_Pygostyle_by_ENS_20260223_115157/tables/gsea_leading_edge_genes.xlsx,Leading-edge genes for top terms.
plot,gsea_leading_edge_go_0072359,/Users/galen2/Documents/Documents_Folder/Rashid_Lab/RNAseq_Data_analysis /Codex_RNAseq/output/DESeq2_GRCg7b_Free_vs_Pygostyle_by_ENS_20260223_115157/plots/enrichment/gsea_leading_edge_go_0072359.pdf,PDF
plot,gsea_leading_edge_go_0072359,/Users/galen2/Documents/Documents_Folder/Rashid_Lab/RNAseq_Data_analysis /Codex_RNAseq/output/DESeq2_GRCg7b_Free_vs_Pygostyle_by_ENS_20260223_115157/plots/enrichment/gsea_leading_edge_go_0072359.svg,SVG
plot,gsea_leading_edge_go_0001944,/Users/galen2/Documents/Documents_Folder/Rashid_Lab/RNAseq_Data_analysis /Codex_RNAseq/output/DESeq2_GRCg7b_Free_vs_Pygostyle_by_ENS_20260223_115157/plots/enrichment/gsea_leading_edge_go_0001944.pdf,PDF
plot,gsea_leading_edge_go_0001944,/Users/galen2/Documents/Documents_Folder/Rashid_Lab/RNAseq_Data_analysis /Codex_RNAseq/output/DESeq2_GRCg7b_Free_vs_Pygostyle_by_ENS_20260223_115157/plots/enrichment/gsea_leading_edge_go_0001944.svg,SVG
plot,gsea_leading_edge_go_0051276,/Users/galen2/Documents/Documents_Folder/Rashid_Lab/RNAseq_Data_analysis /Codex_RNAseq/output/DESeq2_GRCg7b_Free_vs_Pygostyle_by_ENS_20260223_115157/plots/enrichment/gsea_leading_edge_go_0051276.pdf,PDF
plot,gsea_leading_edge_go_0051276,/Users/galen2/Documents/Documents_Folder/Rashid_Lab/RNAseq_Data_analysis /Codex_RNAseq/output/DESeq2_GRCg7b_Free_vs_Pygostyle_by_ENS_20260223_115157/plots/enrichment/gsea_leading_edge_go_0051276.svg,SVG
table,kegg_pathview_guide_csv,/Users/galen2/Documents/Documents_Folder/Rashid_Lab/RNAseq_Data_analysis /Codex_RNAseq/output/DESeq2_GRCg7b_Free_vs_Pygostyle_by_ENS_20260223_115157/tables/kegg_pathview_guide.csv,Top KEGG ORA Pathview guide.
table,kegg_pathview_guide_xlsx,/Users/galen2/Documents/Documents_Folder/Rashid_Lab/RNAseq_Data_analysis /Codex_RNAseq/output/DESeq2_GRCg7b_Free_vs_Pygostyle_by_ENS_20260223_115157/tables/kegg_pathview_guide.xlsx,Top KEGG ORA Pathview guide.
table,kegg_pathview_targeted_guide_csv,/Users/galen2/Documents/Documents_Folder/Rashid_Lab/RNAseq_Data_analysis /Codex_RNAseq/output/DESeq2_GRCg7b_Free_vs_Pygostyle_by_ENS_20260223_115157/tables/kegg_pathview_targeted_guide.csv,Targeted Pathview guide.
table,kegg_pathview_targeted_guide_xlsx,/Users/galen2/Documents/Documents_Folder/Rashid_Lab/RNAseq_Data_analysis /Codex_RNAseq/output/DESeq2_GRCg7b_Free_vs_Pygostyle_by_ENS_20260223_115157/tables/kegg_pathview_targeted_guide.xlsx,Targeted Pathview guide.
table,kegg_target_pathway_gene_checks_csv,/Users/galen2/Documents/Documents_Folder/Rashid_Lab/RNAseq_Data_analysis /Codex_RNAseq/output/DESeq2_GRCg7b_Free_vs_Pygostyle_by_ENS_20260223_115157/tables/kegg_target_pathway_gene_checks.csv,Pathway overlap diagnostics.
table,kegg_target_pathway_gene_checks_xlsx,/Users/galen2/Documents/Documents_Folder/Rashid_Lab/RNAseq_Data_analysis /Codex_RNAseq/output/DESeq2_GRCg7b_Free_vs_Pygostyle_by_ENS_20260223_115157/tables/kegg_target_pathway_gene_checks.xlsx,Pathway overlap diagnostics.
table,kegg_pathview_guides_all,/Users/galen2/Documents/Documents_Folder/Rashid_Lab/RNAseq_Data_analysis /Codex_RNAseq/output/DESeq2_GRCg7b_Free_vs_Pygostyle_by_ENS_20260223_115157/tables/kegg_pathview_guides_all.xlsx,All Pathview guides.
widget,sankey_genes_kegg,/Users/galen2/Documents/Documents_Folder/Rashid_Lab/RNAseq_Data_analysis /Codex_RNAseq/output/DESeq2_GRCg7b_Free_vs_Pygostyle_by_ENS_20260223_115157/widgets/sankey_genes_kegg.html,Interactive Sankey diagram.
plot,dotplot_go_ora_neural,/Users/galen2/Documents/Documents_Folder/Rashid_Lab/RNAseq_Data_analysis /Codex_RNAseq/output/DESeq2_GRCg7b_Free_vs_Pygostyle_by_ENS_20260223_115157/plots/enrichment/dotplot_go_ora_neural.pdf,PDF
plot,dotplot_go_ora_neural,/Users/galen2/Documents/Documents_Folder/Rashid_Lab/RNAseq_Data_analysis /Codex_RNAseq/output/DESeq2_GRCg7b_Free_vs_Pygostyle_by_ENS_20260223_115157/plots/enrichment/dotplot_go_ora_neural.svg,SVG
plot,dotplot_go_gsea_neural,/Users/galen2/Documents/Documents_Folder/Rashid_Lab/RNAseq_Data_analysis /Codex_RNAseq/output/DESeq2_GRCg7b_Free_vs_Pygostyle_by_ENS_20260223_115157/plots/enrichment/dotplot_go_gsea_neural.pdf,PDF
plot,dotplot_go_gsea_neural,/Users/galen2/Documents/Documents_Folder/Rashid_Lab/RNAseq_Data_analysis /Codex_RNAseq/output/DESeq2_GRCg7b_Free_vs_Pygostyle_by_ENS_20260223_115157/plots/enrichment/dotplot_go_gsea_neural.svg,SVG
plot,ridgeplot_GO_GSEA_NEURAL,/Users/galen2/Documents/Documents_Folder/Rashid_Lab/RNAseq_Data_analysis /Codex_RNAseq/output/DESeq2_GRCg7b_Free_vs_Pygostyle_by_ENS_20260223_115157/plots/enrichment/ridgeplot_GO_GSEA_NEURAL.pdf,Neural subset GSEA ridgeplot.
plot,cnetplot_GO_ORA_NEURAL,/Users/galen2/Documents/Documents_Folder/Rashid_Lab/RNAseq_Data_analysis /Codex_RNAseq/output/DESeq2_GRCg7b_Free_vs_Pygostyle_by_ENS_20260223_115157/plots/enrichment/cnetplot_GO_ORA_NEURAL.pdf,PDF
plot,cnetplot_GO_ORA_NEURAL,/Users/galen2/Documents/Documents_Folder/Rashid_Lab/RNAseq_Data_analysis /Codex_RNAseq/output/DESeq2_GRCg7b_Free_vs_Pygostyle_by_ENS_20260223_115157/plots/enrichment/cnetplot_GO_ORA_NEURAL.svg,SVG
plot,heatmap_neural_gene_logFC,/Users/galen2/Documents/Documents_Folder/Rashid_Lab/RNAseq_Data_analysis /Codex_RNAseq/output/DESeq2_GRCg7b_Free_vs_Pygostyle_by_ENS_20260223_115157/plots/enrichment/heatmap_neural_gene_logFC.pdf,Neural gene heatmap.
plot,logFC_distribution_panels,/Users/galen2/Documents/Documents_Folder/Rashid_Lab/RNAseq_Data_analysis /Codex_RNAseq/output/DESeq2_GRCg7b_Free_vs_Pygostyle_by_ENS_20260223_115157/plots/enrichment/logFC_distribution_panels.pdf,PDF
plot,logFC_distribution_panels,/Users/galen2/Documents/Documents_Folder/Rashid_Lab/RNAseq_Data_analysis /Codex_RNAseq/output/DESeq2_GRCg7b_Free_vs_Pygostyle_by_ENS_20260223_115157/plots/enrichment/logFC_distribution_panels.svg,SVG
table,RESULTS,/Users/galen2/Documents/Documents_Folder/Rashid_Lab/RNAseq_Data_analysis /Codex_RNAseq/output/DESeq2_GRCg7b_Free_vs_Pygostyle_by_ENS_20260223_115157/tables/RESULTS.xlsx,Master workbook with all key tables.
r_object,enrichment_objects,/Users/galen2/Documents/Documents_Folder/Rashid_Lab/RNAseq_Data_analysis /Codex_RNAseq/output/DESeq2_GRCg7b_Free_vs_Pygostyle_by_ENS_20260223_115157/r_objects/enrichment_objects.rds,Serialized enrichment objects.
logs,sessionInfo,/Users/galen2/Documents/Documents_Folder/Rashid_Lab/RNAseq_Data_analysis /Codex_RNAseq/output/DESeq2_GRCg7b_Free_vs_Pygostyle_by_ENS_20260223_115157/logs/sessionInfo.txt,R session information.
readme,README,/Users/galen2/Documents/Documents_Folder/Rashid_Lab/RNAseq_Data_analysis /Codex_RNAseq/output/DESeq2_GRCg7b_Free_vs_Pygostyle_by_ENS_20260223_115157/README.md,Run overview and key output pointers.
pathview,gga00100.logFC,/Users/galen2/Documents/Documents_Folder/Rashid_Lab/RNAseq_Data_analysis /Codex_RNAseq/output/DESeq2_GRCg7b_Free_vs_Pygostyle_by_ENS_20260223_115157/pathview/gga00100.logFC.png,Auto-discovered output.
pathview,gga00100,/Users/galen2/Documents/Documents_Folder/Rashid_Lab/RNAseq_Data_analysis /Codex_RNAseq/output/DESeq2_GRCg7b_Free_vs_Pygostyle_by_ENS_20260223_115157/pathview/gga00100.png,Auto-discovered output.
pathview,gga00100,/Users/galen2/Documents/Documents_Folder/Rashid_Lab/RNAseq_Data_analysis /Codex_RNAseq/output/DESeq2_GRCg7b_Free_vs_Pygostyle_by_ENS_20260223_115157/pathview/gga00100.xml,Auto-discovered output.
pathview,gga00590.logFC_arachidonic_acid_metabolism,/Users/galen2/Documents/Documents_Folder/Rashid_Lab/RNAseq_Data_analysis /Codex_RNAseq/output/DESeq2_GRCg7b_Free_vs_Pygostyle_by_ENS_20260223_115157/pathview/gga00590.logFC_arachidonic_acid_metabolism.png,Auto-discovered output.
pathview,gga00590,/Users/galen2/Documents/Documents_Folder/Rashid_Lab/RNAseq_Data_analysis /Codex_RNAseq/output/DESeq2_GRCg7b_Free_vs_Pygostyle_by_ENS_20260223_115157/pathview/gga00590.png,Auto-discovered output.
pathview,gga00590,/Users/galen2/Documents/Documents_Folder/Rashid_Lab/RNAseq_Data_analysis /Codex_RNAseq/output/DESeq2_GRCg7b_Free_vs_Pygostyle_by_ENS_20260223_115157/pathview/gga00590.xml,Auto-discovered output.
pathview,gga00860.logFC,/Users/galen2/Documents/Documents_Folder/Rashid_Lab/RNAseq_Data_analysis /Codex_RNAseq/output/DESeq2_GRCg7b_Free_vs_Pygostyle_by_ENS_20260223_115157/pathview/gga00860.logFC.png,Auto-discovered output.
pathview,gga00860,/Users/galen2/Documents/Documents_Folder/Rashid_Lab/RNAseq_Data_analysis /Codex_RNAseq/output/DESeq2_GRCg7b_Free_vs_Pygostyle_by_ENS_20260223_115157/pathview/gga00860.png,Auto-discovered output.
pathview,gga00860,/Users/galen2/Documents/Documents_Folder/Rashid_Lab/RNAseq_Data_analysis /Codex_RNAseq/output/DESeq2_GRCg7b_Free_vs_Pygostyle_by_ENS_20260223_115157/pathview/gga00860.xml,Auto-discovered output.
pathview,gga03320.logFC_ppar_signaling_pathway,/Users/galen2/Documents/Documents_Folder/Rashid_Lab/RNAseq_Data_analysis /Codex_RNAseq/output/DESeq2_GRCg7b_Free_vs_Pygostyle_by_ENS_20260223_115157/pathview/gga03320.logFC_ppar_signaling_pathway.png,Auto-discovered output.
pathview,gga03320,/Users/galen2/Documents/Documents_Folder/Rashid_Lab/RNAseq_Data_analysis /Codex_RNAseq/output/DESeq2_GRCg7b_Free_vs_Pygostyle_by_ENS_20260223_115157/pathview/gga03320.png,Auto-discovered output.
pathview,gga03320,/Users/galen2/Documents/Documents_Folder/Rashid_Lab/RNAseq_Data_analysis /Codex_RNAseq/output/DESeq2_GRCg7b_Free_vs_Pygostyle_by_ENS_20260223_115157/pathview/gga03320.xml,Auto-discovered output.
pathview,gga04010.logFC_mapk_signaling,/Users/galen2/Documents/Documents_Folder/Rashid_Lab/RNAseq_Data_analysis /Codex_RNAseq/output/DESeq2_GRCg7b_Free_vs_Pygostyle_by_ENS_20260223_115157/pathview/gga04010.logFC_mapk_signaling.png,Auto-discovered output.
pathview,gga04010,/Users/galen2/Documents/Documents_Folder/Rashid_Lab/RNAseq_Data_analysis /Codex_RNAseq/output/DESeq2_GRCg7b_Free_vs_Pygostyle_by_ENS_20260223_115157/pathview/gga04010.png,Auto-discovered output.
pathview,gga04010,/Users/galen2/Documents/Documents_Folder/Rashid_Lab/RNAseq_Data_analysis /Codex_RNAseq/output/DESeq2_GRCg7b_Free_vs_Pygostyle_by_ENS_20260223_115157/pathview/gga04010.xml,Auto-discovered output.
pathview,gga04060.logFC_cytokine_cytokine_receptor_interaction,/Users/galen2/Documents/Documents_Folder/Rashid_Lab/RNAseq_Data_analysis /Codex_RNAseq/output/DESeq2_GRCg7b_Free_vs_Pygostyle_by_ENS_20260223_115157/pathview/gga04060.logFC_cytokine_cytokine_receptor_interaction.png,Auto-discovered output.
pathview,gga04060,/Users/galen2/Documents/Documents_Folder/Rashid_Lab/RNAseq_Data_analysis /Codex_RNAseq/output/DESeq2_GRCg7b_Free_vs_Pygostyle_by_ENS_20260223_115157/pathview/gga04060.png,Auto-discovered output.
pathview,gga04060,/Users/galen2/Documents/Documents_Folder/Rashid_Lab/RNAseq_Data_analysis /Codex_RNAseq/output/DESeq2_GRCg7b_Free_vs_Pygostyle_by_ENS_20260223_115157/pathview/gga04060.xml,Auto-discovered output.
pathview,gga04210.logFC_apoptosis,/Users/galen2/Documents/Documents_Folder/Rashid_Lab/RNAseq_Data_analysis /Codex_RNAseq/output/DESeq2_GRCg7b_Free_vs_Pygostyle_by_ENS_20260223_115157/pathview/gga04210.logFC_apoptosis.png,Auto-discovered output.
pathview,gga04210,/Users/galen2/Documents/Documents_Folder/Rashid_Lab/RNAseq_Data_analysis /Codex_RNAseq/output/DESeq2_GRCg7b_Free_vs_Pygostyle_by_ENS_20260223_115157/pathview/gga04210.png,Auto-discovered output.
pathview,gga04210,/Users/galen2/Documents/Documents_Folder/Rashid_Lab/RNAseq_Data_analysis /Codex_RNAseq/output/DESeq2_GRCg7b_Free_vs_Pygostyle_by_ENS_20260223_115157/pathview/gga04210.xml,Auto-discovered output.
pathview,gga04216.logFC_pyroptosis,/Users/galen2/Documents/Documents_Folder/Rashid_Lab/RNAseq_Data_analysis /Codex_RNAseq/output/DESeq2_GRCg7b_Free_vs_Pygostyle_by_ENS_20260223_115157/pathview/gga04216.logFC_pyroptosis.png,Auto-discovered output.
pathview,gga04216,/Users/galen2/Documents/Documents_Folder/Rashid_Lab/RNAseq_Data_analysis /Codex_RNAseq/output/DESeq2_GRCg7b_Free_vs_Pygostyle_by_ENS_20260223_115157/pathview/gga04216.png,Auto-discovered output.
pathview,gga04216,/Users/galen2/Documents/Documents_Folder/Rashid_Lab/RNAseq_Data_analysis /Codex_RNAseq/output/DESeq2_GRCg7b_Free_vs_Pygostyle_by_ENS_20260223_115157/pathview/gga04216.xml,Auto-discovered output.
pathview,gga04217.logFC_necroptosis,/Users/galen2/Documents/Documents_Folder/Rashid_Lab/RNAseq_Data_analysis /Codex_RNAseq/output/DESeq2_GRCg7b_Free_vs_Pygostyle_by_ENS_20260223_115157/pathview/gga04217.logFC_necroptosis.png,Auto-discovered output.
pathview,gga04217,/Users/galen2/Documents/Documents_Folder/Rashid_Lab/RNAseq_Data_analysis /Codex_RNAseq/output/DESeq2_GRCg7b_Free_vs_Pygostyle_by_ENS_20260223_115157/pathview/gga04217.png,Auto-discovered output.
pathview,gga04217,/Users/galen2/Documents/Documents_Folder/Rashid_Lab/RNAseq_Data_analysis /Codex_RNAseq/output/DESeq2_GRCg7b_Free_vs_Pygostyle_by_ENS_20260223_115157/pathview/gga04217.xml,Auto-discovered output.
pathview,gga04270.logFC,/Users/galen2/Documents/Documents_Folder/Rashid_Lab/RNAseq_Data_analysis /Codex_RNAseq/output/DESeq2_GRCg7b_Free_vs_Pygostyle_by_ENS_20260223_115157/pathview/gga04270.logFC.png,Auto-discovered output.
pathview,gga04270,/Users/galen2/Documents/Documents_Folder/Rashid_Lab/RNAseq_Data_analysis /Codex_RNAseq/output/DESeq2_GRCg7b_Free_vs_Pygostyle_by_ENS_20260223_115157/pathview/gga04270.png,Auto-discovered output.
pathview,gga04270,/Users/galen2/Documents/Documents_Folder/Rashid_Lab/RNAseq_Data_analysis /Codex_RNAseq/output/DESeq2_GRCg7b_Free_vs_Pygostyle_by_ENS_20260223_115157/pathview/gga04270.xml,Auto-discovered output.
pathview,gga04350.logFC_tgf_beta_signaling,/Users/galen2/Documents/Documents_Folder/Rashid_Lab/RNAseq_Data_analysis /Codex_RNAseq/output/DESeq2_GRCg7b_Free_vs_Pygostyle_by_ENS_20260223_115157/pathview/gga04350.logFC_tgf_beta_signaling.png,Auto-discovered output.
pathview,gga04350,/Users/galen2/Documents/Documents_Folder/Rashid_Lab/RNAseq_Data_analysis /Codex_RNAseq/output/DESeq2_GRCg7b_Free_vs_Pygostyle_by_ENS_20260223_115157/pathview/gga04350.png,Auto-discovered output.
pathview,gga04350,/Users/galen2/Documents/Documents_Folder/Rashid_Lab/RNAseq_Data_analysis /Codex_RNAseq/output/DESeq2_GRCg7b_Free_vs_Pygostyle_by_ENS_20260223_115157/pathview/gga04350.xml,Auto-discovered output.
pathview,gga04370.logFC_vegf_signaling,/Users/galen2/Documents/Documents_Folder/Rashid_Lab/RNAseq_Data_analysis /Codex_RNAseq/output/DESeq2_GRCg7b_Free_vs_Pygostyle_by_ENS_20260223_115157/pathview/gga04370.logFC_vegf_signaling.png,Auto-discovered output.
pathview,gga04370,/Users/galen2/Documents/Documents_Folder/Rashid_Lab/RNAseq_Data_analysis /Codex_RNAseq/output/DESeq2_GRCg7b_Free_vs_Pygostyle_by_ENS_20260223_115157/pathview/gga04370.png,Auto-discovered output.
pathview,gga04370,/Users/galen2/Documents/Documents_Folder/Rashid_Lab/RNAseq_Data_analysis /Codex_RNAseq/output/DESeq2_GRCg7b_Free_vs_Pygostyle_by_ENS_20260223_115157/pathview/gga04370.xml,Auto-discovered output.
pathview,gga04382.logFC_development_and_regeneration,/Users/galen2/Documents/Documents_Folder/Rashid_Lab/RNAseq_Data_analysis /Codex_RNAseq/output/DESeq2_GRCg7b_Free_vs_Pygostyle_by_ENS_20260223_115157/pathview/gga04382.logFC_development_and_regeneration.png,Auto-discovered output.
pathview,gga04382,/Users/galen2/Documents/Documents_Folder/Rashid_Lab/RNAseq_Data_analysis /Codex_RNAseq/output/DESeq2_GRCg7b_Free_vs_Pygostyle_by_ENS_20260223_115157/pathview/gga04382.png,Auto-discovered output.
pathview,gga04382,/Users/galen2/Documents/Documents_Folder/Rashid_Lab/RNAseq_Data_analysis /Codex_RNAseq/output/DESeq2_GRCg7b_Free_vs_Pygostyle_by_ENS_20260223_115157/pathview/gga04382.xml,Auto-discovered output.
pathview,gga04510.logFC_focal_adhesion,/Users/galen2/Documents/Documents_Folder/Rashid_Lab/RNAseq_Data_analysis /Codex_RNAseq/output/DESeq2_GRCg7b_Free_vs_Pygostyle_by_ENS_20260223_115157/pathview/gga04510.logFC_focal_adhesion.png,Auto-discovered output.
pathview,gga04510.logFC,/Users/galen2/Documents/Documents_Folder/Rashid_Lab/RNAseq_Data_analysis /Codex_RNAseq/output/DESeq2_GRCg7b_Free_vs_Pygostyle_by_ENS_20260223_115157/pathview/gga04510.logFC.png,Auto-discovered output.
pathview,gga04510,/Users/galen2/Documents/Documents_Folder/Rashid_Lab/RNAseq_Data_analysis /Codex_RNAseq/output/DESeq2_GRCg7b_Free_vs_Pygostyle_by_ENS_20260223_115157/pathview/gga04510.png,Auto-discovered output.
pathview,gga04510,/Users/galen2/Documents/Documents_Folder/Rashid_Lab/RNAseq_Data_analysis /Codex_RNAseq/output/DESeq2_GRCg7b_Free_vs_Pygostyle_by_ENS_20260223_115157/pathview/gga04510.xml,Auto-discovered output.
pathview,gga04512.logFC_ecm_receptor_interaction,/Users/galen2/Documents/Documents_Folder/Rashid_Lab/RNAseq_Data_analysis /Codex_RNAseq/output/DESeq2_GRCg7b_Free_vs_Pygostyle_by_ENS_20260223_115157/pathview/gga04512.logFC_ecm_receptor_interaction.png,Auto-discovered output.
pathview,gga04512.logFC,/Users/galen2/Documents/Documents_Folder/Rashid_Lab/RNAseq_Data_analysis /Codex_RNAseq/output/DESeq2_GRCg7b_Free_vs_Pygostyle_by_ENS_20260223_115157/pathview/gga04512.logFC.png,Auto-discovered output.
pathview,gga04512,/Users/galen2/Documents/Documents_Folder/Rashid_Lab/RNAseq_Data_analysis /Codex_RNAseq/output/DESeq2_GRCg7b_Free_vs_Pygostyle_by_ENS_20260223_115157/pathview/gga04512.png,Auto-discovered output.
pathview,gga04512,/Users/galen2/Documents/Documents_Folder/Rashid_Lab/RNAseq_Data_analysis /Codex_RNAseq/output/DESeq2_GRCg7b_Free_vs_Pygostyle_by_ENS_20260223_115157/pathview/gga04512.xml,Auto-discovered output.
pathview,gga04517.logFC,/Users/galen2/Documents/Documents_Folder/Rashid_Lab/RNAseq_Data_analysis /Codex_RNAseq/output/DESeq2_GRCg7b_Free_vs_Pygostyle_by_ENS_20260223_115157/pathview/gga04517.logFC.png,Auto-discovered output.
pathview,gga04517,/Users/galen2/Documents/Documents_Folder/Rashid_Lab/RNAseq_Data_analysis /Codex_RNAseq/output/DESeq2_GRCg7b_Free_vs_Pygostyle_by_ENS_20260223_115157/pathview/gga04517.png,Auto-discovered output.
pathview,gga04517,/Users/galen2/Documents/Documents_Folder/Rashid_Lab/RNAseq_Data_analysis /Codex_RNAseq/output/DESeq2_GRCg7b_Free_vs_Pygostyle_by_ENS_20260223_115157/pathview/gga04517.xml,Auto-discovered output.
pathview,gga04518.logFC,/Users/galen2/Documents/Documents_Folder/Rashid_Lab/RNAseq_Data_analysis /Codex_RNAseq/output/DESeq2_GRCg7b_Free_vs_Pygostyle_by_ENS_20260223_115157/pathview/gga04518.logFC.png,Auto-discovered output.
pathview,gga04518,/Users/galen2/Documents/Documents_Folder/Rashid_Lab/RNAseq_Data_analysis /Codex_RNAseq/output/DESeq2_GRCg7b_Free_vs_Pygostyle_by_ENS_20260223_115157/pathview/gga04518.png,Auto-discovered output.
pathview,gga04518,/Users/galen2/Documents/Documents_Folder/Rashid_Lab/RNAseq_Data_analysis /Codex_RNAseq/output/DESeq2_GRCg7b_Free_vs_Pygostyle_by_ENS_20260223_115157/pathview/gga04518.xml,Auto-discovered output.
pathview,gga04620.logFC_toll_like_receptor_signaling,/Users/galen2/Documents/Documents_Folder/Rashid_Lab/RNAseq_Data_analysis /Codex_RNAseq/output/DESeq2_GRCg7b_Free_vs_Pygostyle_by_ENS_20260223_115157/pathview/gga04620.logFC_toll_like_receptor_signaling.png,Auto-discovered output.
pathview,gga04620,/Users/galen2/Documents/Documents_Folder/Rashid_Lab/RNAseq_Data_analysis /Codex_RNAseq/output/DESeq2_GRCg7b_Free_vs_Pygostyle_by_ENS_20260223_115157/pathview/gga04620.png,Auto-discovered output.
pathview,gga04620,/Users/galen2/Documents/Documents_Folder/Rashid_Lab/RNAseq_Data_analysis /Codex_RNAseq/output/DESeq2_GRCg7b_Free_vs_Pygostyle_by_ENS_20260223_115157/pathview/gga04620.xml,Auto-discovered output.
pathview,gga04621.logFC_nod_like_receptor_signaling,/Users/galen2/Documents/Documents_Folder/Rashid_Lab/RNAseq_Data_analysis /Codex_RNAseq/output/DESeq2_GRCg7b_Free_vs_Pygostyle_by_ENS_20260223_115157/pathview/gga04621.logFC_nod_like_receptor_signaling.png,Auto-discovered output.
pathview,gga04621,/Users/galen2/Documents/Documents_Folder/Rashid_Lab/RNAseq_Data_analysis /Codex_RNAseq/output/DESeq2_GRCg7b_Free_vs_Pygostyle_by_ENS_20260223_115157/pathview/gga04621.png,Auto-discovered output.
pathview,gga04621,/Users/galen2/Documents/Documents_Folder/Rashid_Lab/RNAseq_Data_analysis /Codex_RNAseq/output/DESeq2_GRCg7b_Free_vs_Pygostyle_by_ENS_20260223_115157/pathview/gga04621.xml,Auto-discovered output.
pathview,gga04623.logFC_cytosolic_dna_sensing_pathway,/Users/galen2/Documents/Documents_Folder/Rashid_Lab/RNAseq_Data_analysis /Codex_RNAseq/output/DESeq2_GRCg7b_Free_vs_Pygostyle_by_ENS_20260223_115157/pathview/gga04623.logFC_cytosolic_dna_sensing_pathway.png,Auto-discovered output.
pathview,gga04623,/Users/galen2/Documents/Documents_Folder/Rashid_Lab/RNAseq_Data_analysis /Codex_RNAseq/output/DESeq2_GRCg7b_Free_vs_Pygostyle_by_ENS_20260223_115157/pathview/gga04623.png,Auto-discovered output.
pathview,gga04623,/Users/galen2/Documents/Documents_Folder/Rashid_Lab/RNAseq_Data_analysis /Codex_RNAseq/output/DESeq2_GRCg7b_Free_vs_Pygostyle_by_ENS_20260223_115157/pathview/gga04623.xml,Auto-discovered output.
pathview,gga04916.logFC,/Users/galen2/Documents/Documents_Folder/Rashid_Lab/RNAseq_Data_analysis /Codex_RNAseq/output/DESeq2_GRCg7b_Free_vs_Pygostyle_by_ENS_20260223_115157/pathview/gga04916.logFC.png,Auto-discovered output.
pathview,gga04916,/Users/galen2/Documents/Documents_Folder/Rashid_Lab/RNAseq_Data_analysis /Codex_RNAseq/output/DESeq2_GRCg7b_Free_vs_Pygostyle_by_ENS_20260223_115157/pathview/gga04916.png,Auto-discovered output.
pathview,gga04916,/Users/galen2/Documents/Documents_Folder/Rashid_Lab/RNAseq_Data_analysis /Codex_RNAseq/output/DESeq2_GRCg7b_Free_vs_Pygostyle_by_ENS_20260223_115157/pathview/gga04916.xml,Auto-discovered output.
pathview,ko00590.logFC_arachidonic_acid_metabolism_ko,/Users/galen2/Documents/Documents_Folder/Rashid_Lab/RNAseq_Data_analysis /Codex_RNAseq/output/DESeq2_GRCg7b_Free_vs_Pygostyle_by_ENS_20260223_115157/pathview/ko00590.logFC_arachidonic_acid_metabolism_ko.png,Auto-discovered output.
pathview,ko00590,/Users/galen2/Documents/Documents_Folder/Rashid_Lab/RNAseq_Data_analysis /Codex_RNAseq/output/DESeq2_GRCg7b_Free_vs_Pygostyle_by_ENS_20260223_115157/pathview/ko00590.png,Auto-discovered output.
pathview,ko00590,/Users/galen2/Documents/Documents_Folder/Rashid_Lab/RNAseq_Data_analysis /Codex_RNAseq/output/DESeq2_GRCg7b_Free_vs_Pygostyle_by_ENS_20260223_115157/pathview/ko00590.xml,Auto-discovered output.
pathview,ko03320.logFC_ppar_signaling_pathway_ko,/Users/galen2/Documents/Documents_Folder/Rashid_Lab/RNAseq_Data_analysis /Codex_RNAseq/output/DESeq2_GRCg7b_Free_vs_Pygostyle_by_ENS_20260223_115157/pathview/ko03320.logFC_ppar_signaling_pathway_ko.png,Auto-discovered output.
pathview,ko03320,/Users/galen2/Documents/Documents_Folder/Rashid_Lab/RNAseq_Data_analysis /Codex_RNAseq/output/DESeq2_GRCg7b_Free_vs_Pygostyle_by_ENS_20260223_115157/pathview/ko03320.png,Auto-discovered output.
pathview,ko03320,/Users/galen2/Documents/Documents_Folder/Rashid_Lab/RNAseq_Data_analysis /Codex_RNAseq/output/DESeq2_GRCg7b_Free_vs_Pygostyle_by_ENS_20260223_115157/pathview/ko03320.xml,Auto-discovered output.
pathview,ko04010.logFC_mapk_signaling_ko,/Users/galen2/Documents/Documents_Folder/Rashid_Lab/RNAseq_Data_analysis /Codex_RNAseq/output/DESeq2_GRCg7b_Free_vs_Pygostyle_by_ENS_20260223_115157/pathview/ko04010.logFC_mapk_signaling_ko.png,Auto-discovered output.
pathview,ko04010,/Users/galen2/Documents/Documents_Folder/Rashid_Lab/RNAseq_Data_analysis /Codex_RNAseq/output/DESeq2_GRCg7b_Free_vs_Pygostyle_by_ENS_20260223_115157/pathview/ko04010.png,Auto-discovered output.
pathview,ko04010,/Users/galen2/Documents/Documents_Folder/Rashid_Lab/RNAseq_Data_analysis /Codex_RNAseq/output/DESeq2_GRCg7b_Free_vs_Pygostyle_by_ENS_20260223_115157/pathview/ko04010.xml,Auto-discovered output.
pathview,ko04060.logFC_cytokine_cytokine_receptor_interaction_ko,/Users/galen2/Documents/Documents_Folder/Rashid_Lab/RNAseq_Data_analysis /Codex_RNAseq/output/DESeq2_GRCg7b_Free_vs_Pygostyle_by_ENS_20260223_115157/pathview/ko04060.logFC_cytokine_cytokine_receptor_interaction_ko.png,Auto-discovered output.
pathview,ko04060,/Users/galen2/Documents/Documents_Folder/Rashid_Lab/RNAseq_Data_analysis /Codex_RNAseq/output/DESeq2_GRCg7b_Free_vs_Pygostyle_by_ENS_20260223_115157/pathview/ko04060.png,Auto-discovered output.
pathview,ko04060,/Users/galen2/Documents/Documents_Folder/Rashid_Lab/RNAseq_Data_analysis /Codex_RNAseq/output/DESeq2_GRCg7b_Free_vs_Pygostyle_by_ENS_20260223_115157/pathview/ko04060.xml,Auto-discovered output.
pathview,ko04066.logFC_hif_1_signaling_ko,/Users/galen2/Documents/Documents_Folder/Rashid_Lab/RNAseq_Data_analysis /Codex_RNAseq/output/DESeq2_GRCg7b_Free_vs_Pygostyle_by_ENS_20260223_115157/pathview/ko04066.logFC_hif_1_signaling_ko.png,Auto-discovered output.
pathview,ko04066,/Users/galen2/Documents/Documents_Folder/Rashid_Lab/RNAseq_Data_analysis /Codex_RNAseq/output/DESeq2_GRCg7b_Free_vs_Pygostyle_by_ENS_20260223_115157/pathview/ko04066.png,Auto-discovered output.
pathview,ko04066,/Users/galen2/Documents/Documents_Folder/Rashid_Lab/RNAseq_Data_analysis /Codex_RNAseq/output/DESeq2_GRCg7b_Free_vs_Pygostyle_by_ENS_20260223_115157/pathview/ko04066.xml,Auto-discovered output.
pathview,ko04210.logFC_apoptosis_ko,/Users/galen2/Documents/Documents_Folder/Rashid_Lab/RNAseq_Data_analysis /Codex_RNAseq/output/DESeq2_GRCg7b_Free_vs_Pygostyle_by_ENS_20260223_115157/pathview/ko04210.logFC_apoptosis_ko.png,Auto-discovered output.
pathview,ko04210,/Users/galen2/Documents/Documents_Folder/Rashid_Lab/RNAseq_Data_analysis /Codex_RNAseq/output/DESeq2_GRCg7b_Free_vs_Pygostyle_by_ENS_20260223_115157/pathview/ko04210.png,Auto-discovered output.
pathview,ko04210,/Users/galen2/Documents/Documents_Folder/Rashid_Lab/RNAseq_Data_analysis /Codex_RNAseq/output/DESeq2_GRCg7b_Free_vs_Pygostyle_by_ENS_20260223_115157/pathview/ko04210.xml,Auto-discovered output.
pathview,ko04216.logFC_pyroptosis_ko,/Users/galen2/Documents/Documents_Folder/Rashid_Lab/RNAseq_Data_analysis /Codex_RNAseq/output/DESeq2_GRCg7b_Free_vs_Pygostyle_by_ENS_20260223_115157/pathview/ko04216.logFC_pyroptosis_ko.png,Auto-discovered output.
pathview,ko04216,/Users/galen2/Documents/Documents_Folder/Rashid_Lab/RNAseq_Data_analysis /Codex_RNAseq/output/DESeq2_GRCg7b_Free_vs_Pygostyle_by_ENS_20260223_115157/pathview/ko04216.png,Auto-discovered output.
pathview,ko04216,/Users/galen2/Documents/Documents_Folder/Rashid_Lab/RNAseq_Data_analysis /Codex_RNAseq/output/DESeq2_GRCg7b_Free_vs_Pygostyle_by_ENS_20260223_115157/pathview/ko04216.xml,Auto-discovered output.
pathview,ko04217.logFC_necroptosis_ko,/Users/galen2/Documents/Documents_Folder/Rashid_Lab/RNAseq_Data_analysis /Codex_RNAseq/output/DESeq2_GRCg7b_Free_vs_Pygostyle_by_ENS_20260223_115157/pathview/ko04217.logFC_necroptosis_ko.png,Auto-discovered output.
pathview,ko04217,/Users/galen2/Documents/Documents_Folder/Rashid_Lab/RNAseq_Data_analysis /Codex_RNAseq/output/DESeq2_GRCg7b_Free_vs_Pygostyle_by_ENS_20260223_115157/pathview/ko04217.png,Auto-discovered output.
pathview,ko04217,/Users/galen2/Documents/Documents_Folder/Rashid_Lab/RNAseq_Data_analysis /Codex_RNAseq/output/DESeq2_GRCg7b_Free_vs_Pygostyle_by_ENS_20260223_115157/pathview/ko04217.xml,Auto-discovered output.
pathview,ko04350.logFC_tgf_beta_signaling_ko,/Users/galen2/Documents/Documents_Folder/Rashid_Lab/RNAseq_Data_analysis /Codex_RNAseq/output/DESeq2_GRCg7b_Free_vs_Pygostyle_by_ENS_20260223_115157/pathview/ko04350.logFC_tgf_beta_signaling_ko.png,Auto-discovered output.
pathview,ko04350,/Users/galen2/Documents/Documents_Folder/Rashid_Lab/RNAseq_Data_analysis /Codex_RNAseq/output/DESeq2_GRCg7b_Free_vs_Pygostyle_by_ENS_20260223_115157/pathview/ko04350.png,Auto-discovered output.
pathview,ko04350,/Users/galen2/Documents/Documents_Folder/Rashid_Lab/RNAseq_Data_analysis /Codex_RNAseq/output/DESeq2_GRCg7b_Free_vs_Pygostyle_by_ENS_20260223_115157/pathview/ko04350.xml,Auto-discovered output.
pathview,ko04370.logFC_vegf_signaling_ko,/Users/galen2/Documents/Documents_Folder/Rashid_Lab/RNAseq_Data_analysis /Codex_RNAseq/output/DESeq2_GRCg7b_Free_vs_Pygostyle_by_ENS_20260223_115157/pathview/ko04370.logFC_vegf_signaling_ko.png,Auto-discovered output.
pathview,ko04370,/Users/galen2/Documents/Documents_Folder/Rashid_Lab/RNAseq_Data_analysis /Codex_RNAseq/output/DESeq2_GRCg7b_Free_vs_Pygostyle_by_ENS_20260223_115157/pathview/ko04370.png,Auto-discovered output.
pathview,ko04370,/Users/galen2/Documents/Documents_Folder/Rashid_Lab/RNAseq_Data_analysis /Codex_RNAseq/output/DESeq2_GRCg7b_Free_vs_Pygostyle_by_ENS_20260223_115157/pathview/ko04370.xml,Auto-discovered output.
pathview,ko04380.logFC_osteoclast_differentiation_ko,/Users/galen2/Documents/Documents_Folder/Rashid_Lab/RNAseq_Data_analysis /Codex_RNAseq/output/DESeq2_GRCg7b_Free_vs_Pygostyle_by_ENS_20260223_115157/pathview/ko04380.logFC_osteoclast_differentiation_ko.png,Auto-discovered output.
pathview,ko04380.logFC_osteoclast_forced_ko,/Users/galen2/Documents/Documents_Folder/Rashid_Lab/RNAseq_Data_analysis /Codex_RNAseq/output/DESeq2_GRCg7b_Free_vs_Pygostyle_by_ENS_20260223_115157/pathview/ko04380.logFC_osteoclast_forced_ko.png,Auto-discovered output.
pathview,ko04380,/Users/galen2/Documents/Documents_Folder/Rashid_Lab/RNAseq_Data_analysis /Codex_RNAseq/output/DESeq2_GRCg7b_Free_vs_Pygostyle_by_ENS_20260223_115157/pathview/ko04380.png,Auto-discovered output.
pathview,ko04380,/Users/galen2/Documents/Documents_Folder/Rashid_Lab/RNAseq_Data_analysis /Codex_RNAseq/output/DESeq2_GRCg7b_Free_vs_Pygostyle_by_ENS_20260223_115157/pathview/ko04380.xml,Auto-discovered output.
pathview,ko04382.logFC_development_and_regeneration_ko,/Users/galen2/Documents/Documents_Folder/Rashid_Lab/RNAseq_Data_analysis /Codex_RNAseq/output/DESeq2_GRCg7b_Free_vs_Pygostyle_by_ENS_20260223_115157/pathview/ko04382.logFC_development_and_regeneration_ko.png,Auto-discovered output.
pathview,ko04382,/Users/galen2/Documents/Documents_Folder/Rashid_Lab/RNAseq_Data_analysis /Codex_RNAseq/output/DESeq2_GRCg7b_Free_vs_Pygostyle_by_ENS_20260223_115157/pathview/ko04382.png,Auto-discovered output.
pathview,ko04382,/Users/galen2/Documents/Documents_Folder/Rashid_Lab/RNAseq_Data_analysis /Codex_RNAseq/output/DESeq2_GRCg7b_Free_vs_Pygostyle_by_ENS_20260223_115157/pathview/ko04382.xml,Auto-discovered output.
pathview,ko04510.logFC_focal_adhesion_ko,/Users/galen2/Documents/Documents_Folder/Rashid_Lab/RNAseq_Data_analysis /Codex_RNAseq/output/DESeq2_GRCg7b_Free_vs_Pygostyle_by_ENS_20260223_115157/pathview/ko04510.logFC_focal_adhesion_ko.png,Auto-discovered output.
pathview,ko04510,/Users/galen2/Documents/Documents_Folder/Rashid_Lab/RNAseq_Data_analysis /Codex_RNAseq/output/DESeq2_GRCg7b_Free_vs_Pygostyle_by_ENS_20260223_115157/pathview/ko04510.png,Auto-discovered output.
pathview,ko04510,/Users/galen2/Documents/Documents_Folder/Rashid_Lab/RNAseq_Data_analysis /Codex_RNAseq/output/DESeq2_GRCg7b_Free_vs_Pygostyle_by_ENS_20260223_115157/pathview/ko04510.xml,Auto-discovered output.
pathview,ko04512.logFC_ecm_receptor_interaction_ko,/Users/galen2/Documents/Documents_Folder/Rashid_Lab/RNAseq_Data_analysis /Codex_RNAseq/output/DESeq2_GRCg7b_Free_vs_Pygostyle_by_ENS_20260223_115157/pathview/ko04512.logFC_ecm_receptor_interaction_ko.png,Auto-discovered output.
pathview,ko04512,/Users/galen2/Documents/Documents_Folder/Rashid_Lab/RNAseq_Data_analysis /Codex_RNAseq/output/DESeq2_GRCg7b_Free_vs_Pygostyle_by_ENS_20260223_115157/pathview/ko04512.png,Auto-discovered output.
pathview,ko04512,/Users/galen2/Documents/Documents_Folder/Rashid_Lab/RNAseq_Data_analysis /Codex_RNAseq/output/DESeq2_GRCg7b_Free_vs_Pygostyle_by_ENS_20260223_115157/pathview/ko04512.xml,Auto-discovered output.
pathview,ko04620.logFC_toll_like_receptor_signaling_ko,/Users/galen2/Documents/Documents_Folder/Rashid_Lab/RNAseq_Data_analysis /Codex_RNAseq/output/DESeq2_GRCg7b_Free_vs_Pygostyle_by_ENS_20260223_115157/pathview/ko04620.logFC_toll_like_receptor_signaling_ko.png,Auto-discovered output.
pathview,ko04620,/Users/galen2/Documents/Documents_Folder/Rashid_Lab/RNAseq_Data_analysis /Codex_RNAseq/output/DESeq2_GRCg7b_Free_vs_Pygostyle_by_ENS_20260223_115157/pathview/ko04620.png,Auto-discovered output.
pathview,ko04620,/Users/galen2/Documents/Documents_Folder/Rashid_Lab/RNAseq_Data_analysis /Codex_RNAseq/output/DESeq2_GRCg7b_Free_vs_Pygostyle_by_ENS_20260223_115157/pathview/ko04620.xml,Auto-discovered output.
pathview,ko04621.logFC_nod_like_receptor_signaling_ko,/Users/galen2/Documents/Documents_Folder/Rashid_Lab/RNAseq_Data_analysis /Codex_RNAseq/output/DESeq2_GRCg7b_Free_vs_Pygostyle_by_ENS_20260223_115157/pathview/ko04621.logFC_nod_like_receptor_signaling_ko.png,Auto-discovered output.
pathview,ko04621,/Users/galen2/Documents/Documents_Folder/Rashid_Lab/RNAseq_Data_analysis /Codex_RNAseq/output/DESeq2_GRCg7b_Free_vs_Pygostyle_by_ENS_20260223_115157/pathview/ko04621.png,Auto-discovered output.
pathview,ko04621,/Users/galen2/Documents/Documents_Folder/Rashid_Lab/RNAseq_Data_analysis /Codex_RNAseq/output/DESeq2_GRCg7b_Free_vs_Pygostyle_by_ENS_20260223_115157/pathview/ko04621.xml,Auto-discovered output.
pathview,ko04623.logFC_cytosolic_dna_sensing_pathway_ko,/Users/galen2/Documents/Documents_Folder/Rashid_Lab/RNAseq_Data_analysis /Codex_RNAseq/output/DESeq2_GRCg7b_Free_vs_Pygostyle_by_ENS_20260223_115157/pathview/ko04623.logFC_cytosolic_dna_sensing_pathway_ko.png,Auto-discovered output.
pathview,ko04623,/Users/galen2/Documents/Documents_Folder/Rashid_Lab/RNAseq_Data_analysis /Codex_RNAseq/output/DESeq2_GRCg7b_Free_vs_Pygostyle_by_ENS_20260223_115157/pathview/ko04623.png,Auto-discovered output.
pathview,ko04623,/Users/galen2/Documents/Documents_Folder/Rashid_Lab/RNAseq_Data_analysis /Codex_RNAseq/output/DESeq2_GRCg7b_Free_vs_Pygostyle_by_ENS_20260223_115157/pathview/ko04623.xml,Auto-discovered output.
widget,d3.min,/Users/galen2/Documents/Documents_Folder/Rashid_Lab/RNAseq_Data_analysis /Codex_RNAseq/output/DESeq2_GRCg7b_Free_vs_Pygostyle_by_ENS_20260223_115157/widgets/sankey_genes_kegg_files/d3-4.9.1/d3.min.js,Auto-discovered output.
widget,LICENSE,/Users/galen2/Documents/Documents_Folder/Rashid_Lab/RNAseq_Data_analysis /Codex_RNAseq/output/DESeq2_GRCg7b_Free_vs_Pygostyle_by_ENS_20260223_115157/widgets/sankey_genes_kegg_files/d3-4.9.1/LICENSE,Auto-discovered output.
widget,fill,/Users/galen2/Documents/Documents_Folder/Rashid_Lab/RNAseq_Data_analysis /Codex_RNAseq/output/DESeq2_GRCg7b_Free_vs_Pygostyle_by_ENS_20260223_115157/widgets/sankey_genes_kegg_files/htmltools-fill-0.5.9/fill.css,Auto-discovered output.
widget,htmlwidgets,/Users/galen2/Documents/Documents_Folder/Rashid_Lab/RNAseq_Data_analysis /Codex_RNAseq/output/DESeq2_GRCg7b_Free_vs_Pygostyle_by_ENS_20260223_115157/widgets/sankey_genes_kegg_files/htmlwidgets-1.6.4/htmlwidgets.js,Auto-discovered output.
widget,d3.min,/Users/galen2/Documents/Documents_Folder/Rashid_Lab/RNAseq_Data_analysis /Codex_RNAseq/output/DESeq2_GRCg7b_Free_vs_Pygostyle_by_ENS_20260223_115157/widgets/sankey_genes_kegg_files/sankey-1/d3-4.9.1/d3.min.js,Auto-discovered output.
widget,LICENSE,/Users/galen2/Documents/Documents_Folder/Rashid_Lab/RNAseq_Data_analysis /Codex_RNAseq/output/DESeq2_GRCg7b_Free_vs_Pygostyle_by_ENS_20260223_115157/widgets/sankey_genes_kegg_files/sankey-1/d3-4.9.1/LICENSE,Auto-discovered output.
widget,sankey,/Users/galen2/Documents/Documents_Folder/Rashid_Lab/RNAseq_Data_analysis /Codex_RNAseq/output/DESeq2_GRCg7b_Free_vs_Pygostyle_by_ENS_20260223_115157/widgets/sankey_genes_kegg_files/sankey-1/sankey.js,Auto-discovered output.
widget,sankeyNetwork,/Users/galen2/Documents/Documents_Folder/Rashid_Lab/RNAseq_Data_analysis /Codex_RNAseq/output/DESeq2_GRCg7b_Free_vs_Pygostyle_by_ENS_20260223_115157/widgets/sankey_genes_kegg_files/sankeyNetwork-binding-0.4.1/sankeyNetwork.js,Auto-discovered output.
manifest,OUTPUT_MANIFEST.csv,output/DESeq2_GRCg7b_Free_vs_Pygostyle_by_ENS_20260223_115157/OUTPUT_MANIFEST.csv,Output registry (CSV).
manifest,OUTPUT_MANIFEST.xlsx,output/DESeq2_GRCg7b_Free_vs_Pygostyle_by_ENS_20260223_115157/OUTPUT_MANIFEST.xlsx,Output registry (Excel).
