set_name,gene_symbol,direction,description,source_url
necroptosis,TNF,up,Chicken-adapted upstream necroptosis/death-receptor program (TNF-RIPK1-FADD-CASP8 axis); intentionally excludes RIPK3 because avian RIPK3 is likely lost/misannotated.,https://www.genome.jp/kegg-bin/show_organism?menu_type=pathway_maps&org=gga ; https://pmc.ncbi.nlm.nih.gov/articles/PMC9573974/
necroptosis,TNFRSF1A,up,Chicken-adapted upstream necroptosis/death-receptor program (TNF-RIPK1-FADD-CASP8 axis); intentionally excludes RIPK3 because avian RIPK3 is likely lost/misannotated.,https://www.genome.jp/kegg-bin/show_organism?menu_type=pathway_maps&org=gga ; https://pmc.ncbi.nlm.nih.gov/articles/PMC9573974/
necroptosis,TRADD,up,Chicken-adapted upstream necroptosis/death-receptor program (TNF-RIPK1-FADD-CASP8 axis); intentionally excludes RIPK3 because avian RIPK3 is likely lost/misannotated.,https://www.genome.jp/kegg-bin/show_organism?menu_type=pathway_maps&org=gga ; https://pmc.ncbi.nlm.nih.gov/articles/PMC9573974/
necroptosis,RIPK1,up,Chicken-adapted upstream necroptosis/death-receptor program (TNF-RIPK1-FADD-CASP8 axis); intentionally excludes RIPK3 because avian RIPK3 is likely lost/misannotated.,https://www.genome.jp/kegg-bin/show_organism?menu_type=pathway_maps&org=gga ; https://pmc.ncbi.nlm.nih.gov/articles/PMC9573974/
necroptosis,FADD,up,Chicken-adapted upstream necroptosis/death-receptor program (TNF-RIPK1-FADD-CASP8 axis); intentionally excludes RIPK3 because avian RIPK3 is likely lost/misannotated.,https://www.genome.jp/kegg-bin/show_organism?menu_type=pathway_maps&org=gga ; https://pmc.ncbi.nlm.nih.gov/articles/PMC9573974/
necroptosis,CASP8,up,Chicken-adapted upstream necroptosis/death-receptor program (TNF-RIPK1-FADD-CASP8 axis); intentionally excludes RIPK3 because avian RIPK3 is likely lost/misannotated.,https://www.genome.jp/kegg-bin/show_organism?menu_type=pathway_maps&org=gga ; https://pmc.ncbi.nlm.nih.gov/articles/PMC9573974/
necroptosis,CFLAR,up,Chicken-adapted upstream necroptosis/death-receptor program (TNF-RIPK1-FADD-CASP8 axis); intentionally excludes RIPK3 because avian RIPK3 is likely lost/misannotated.,https://www.genome.jp/kegg-bin/show_organism?menu_type=pathway_maps&org=gga ; https://pmc.ncbi.nlm.nih.gov/articles/PMC9573974/
necroptosis,CYLD,up,Chicken-adapted upstream necroptosis/death-receptor program (TNF-RIPK1-FADD-CASP8 axis); intentionally excludes RIPK3 because avian RIPK3 is likely lost/misannotated.,https://www.genome.jp/kegg-bin/show_organism?menu_type=pathway_maps&org=gga ; https://pmc.ncbi.nlm.nih.gov/articles/PMC9573974/
necroptosis,MAP3K7,up,Chicken-adapted upstream necroptosis/death-receptor program (TNF-RIPK1-FADD-CASP8 axis); intentionally excludes RIPK3 because avian RIPK3 is likely lost/misannotated.,https://www.genome.jp/kegg-bin/show_organism?menu_type=pathway_maps&org=gga ; https://pmc.ncbi.nlm.nih.gov/articles/PMC9573974/
necroptosis,TAB2,up,Chicken-adapted upstream necroptosis/death-receptor program (TNF-RIPK1-FADD-CASP8 axis); intentionally excludes RIPK3 because avian RIPK3 is likely lost/misannotated.,https://www.genome.jp/kegg-bin/show_organism?menu_type=pathway_maps&org=gga ; https://pmc.ncbi.nlm.nih.gov/articles/PMC9573974/
necroptosis,TAB3,up,Chicken-adapted upstream necroptosis/death-receptor program (TNF-RIPK1-FADD-CASP8 axis); intentionally excludes RIPK3 because avian RIPK3 is likely lost/misannotated.,https://www.genome.jp/kegg-bin/show_organism?menu_type=pathway_maps&org=gga ; https://pmc.ncbi.nlm.nih.gov/articles/PMC9573974/
necroptosis,CHUK,up,Chicken-adapted upstream necroptosis/death-receptor program (TNF-RIPK1-FADD-CASP8 axis); intentionally excludes RIPK3 because avian RIPK3 is likely lost/misannotated.,https://www.genome.jp/kegg-bin/show_organism?menu_type=pathway_maps&org=gga ; https://pmc.ncbi.nlm.nih.gov/articles/PMC9573974/
necroptosis,IKBKB,up,Chicken-adapted upstream necroptosis/death-receptor program (TNF-RIPK1-FADD-CASP8 axis); intentionally excludes RIPK3 because avian RIPK3 is likely lost/misannotated.,https://www.genome.jp/kegg-bin/show_organism?menu_type=pathway_maps&org=gga ; https://pmc.ncbi.nlm.nih.gov/articles/PMC9573974/
necroptosis,NFKB1,up,Chicken-adapted upstream necroptosis/death-receptor program (TNF-RIPK1-FADD-CASP8 axis); intentionally excludes RIPK3 because avian RIPK3 is likely lost/misannotated.,https://www.genome.jp/kegg-bin/show_organism?menu_type=pathway_maps&org=gga ; https://pmc.ncbi.nlm.nih.gov/articles/PMC9573974/
necroptosis,RELA,up,Chicken-adapted upstream necroptosis/death-receptor program (TNF-RIPK1-FADD-CASP8 axis); intentionally excludes RIPK3 because avian RIPK3 is likely lost/misannotated.,https://www.genome.jp/kegg-bin/show_organism?menu_type=pathway_maps&org=gga ; https://pmc.ncbi.nlm.nih.gov/articles/PMC9573974/
necroptosis,TNFAIP3,up,Chicken-adapted upstream necroptosis/death-receptor program (TNF-RIPK1-FADD-CASP8 axis); intentionally excludes RIPK3 because avian RIPK3 is likely lost/misannotated.,https://www.genome.jp/kegg-bin/show_organism?menu_type=pathway_maps&org=gga ; https://pmc.ncbi.nlm.nih.gov/articles/PMC9573974/
TNF_NFkB,TNF,up,"Canonical TNF-NF-kB inflammatory signaling genes spanning receptor, adaptor, IKK, NF-kB, and feedback inhibitor layers.",https://www.genome.jp/entry/map04668 ; https://pmc.ncbi.nlm.nih.gov/articles/PMC4833637/
TNF_NFkB,TNFRSF1A,up,"Canonical TNF-NF-kB inflammatory signaling genes spanning receptor, adaptor, IKK, NF-kB, and feedback inhibitor layers.",https://www.genome.jp/entry/map04668 ; https://pmc.ncbi.nlm.nih.gov/articles/PMC4833637/
TNF_NFkB,TRADD,up,"Canonical TNF-NF-kB inflammatory signaling genes spanning receptor, adaptor, IKK, NF-kB, and feedback inhibitor layers.",https://www.genome.jp/entry/map04668 ; https://pmc.ncbi.nlm.nih.gov/articles/PMC4833637/
TNF_NFkB,TRAF2,up,"Canonical TNF-NF-kB inflammatory signaling genes spanning receptor, adaptor, IKK, NF-kB, and feedback inhibitor layers.",https://www.genome.jp/entry/map04668 ; https://pmc.ncbi.nlm.nih.gov/articles/PMC4833637/
TNF_NFkB,RIPK1,up,"Canonical TNF-NF-kB inflammatory signaling genes spanning receptor, adaptor, IKK, NF-kB, and feedback inhibitor layers.",https://www.genome.jp/entry/map04668 ; https://pmc.ncbi.nlm.nih.gov/articles/PMC4833637/
TNF_NFkB,MAP3K7,up,"Canonical TNF-NF-kB inflammatory signaling genes spanning receptor, adaptor, IKK, NF-kB, and feedback inhibitor layers.",https://www.genome.jp/entry/map04668 ; https://pmc.ncbi.nlm.nih.gov/articles/PMC4833637/
TNF_NFkB,TAB2,up,"Canonical TNF-NF-kB inflammatory signaling genes spanning receptor, adaptor, IKK, NF-kB, and feedback inhibitor layers.",https://www.genome.jp/entry/map04668 ; https://pmc.ncbi.nlm.nih.gov/articles/PMC4833637/
TNF_NFkB,CHUK,up,"Canonical TNF-NF-kB inflammatory signaling genes spanning receptor, adaptor, IKK, NF-kB, and feedback inhibitor layers.",https://www.genome.jp/entry/map04668 ; https://pmc.ncbi.nlm.nih.gov/articles/PMC4833637/
TNF_NFkB,IKBKB,up,"Canonical TNF-NF-kB inflammatory signaling genes spanning receptor, adaptor, IKK, NF-kB, and feedback inhibitor layers.",https://www.genome.jp/entry/map04668 ; https://pmc.ncbi.nlm.nih.gov/articles/PMC4833637/
TNF_NFkB,IKBKG,up,"Canonical TNF-NF-kB inflammatory signaling genes spanning receptor, adaptor, IKK, NF-kB, and feedback inhibitor layers.",https://www.genome.jp/entry/map04668 ; https://pmc.ncbi.nlm.nih.gov/articles/PMC4833637/
TNF_NFkB,NFKB1,up,"Canonical TNF-NF-kB inflammatory signaling genes spanning receptor, adaptor, IKK, NF-kB, and feedback inhibitor layers.",https://www.genome.jp/entry/map04668 ; https://pmc.ncbi.nlm.nih.gov/articles/PMC4833637/
TNF_NFkB,NFKB2,up,"Canonical TNF-NF-kB inflammatory signaling genes spanning receptor, adaptor, IKK, NF-kB, and feedback inhibitor layers.",https://www.genome.jp/entry/map04668 ; https://pmc.ncbi.nlm.nih.gov/articles/PMC4833637/
TNF_NFkB,RELA,up,"Canonical TNF-NF-kB inflammatory signaling genes spanning receptor, adaptor, IKK, NF-kB, and feedback inhibitor layers.",https://www.genome.jp/entry/map04668 ; https://pmc.ncbi.nlm.nih.gov/articles/PMC4833637/
TNF_NFkB,RELB,up,"Canonical TNF-NF-kB inflammatory signaling genes spanning receptor, adaptor, IKK, NF-kB, and feedback inhibitor layers.",https://www.genome.jp/entry/map04668 ; https://pmc.ncbi.nlm.nih.gov/articles/PMC4833637/
TNF_NFkB,NFKBIA,up,"Canonical TNF-NF-kB inflammatory signaling genes spanning receptor, adaptor, IKK, NF-kB, and feedback inhibitor layers.",https://www.genome.jp/entry/map04668 ; https://pmc.ncbi.nlm.nih.gov/articles/PMC4833637/
TNF_NFkB,BIRC2,up,"Canonical TNF-NF-kB inflammatory signaling genes spanning receptor, adaptor, IKK, NF-kB, and feedback inhibitor layers.",https://www.genome.jp/entry/map04668 ; https://pmc.ncbi.nlm.nih.gov/articles/PMC4833637/
TNF_NFkB,BIRC3,up,"Canonical TNF-NF-kB inflammatory signaling genes spanning receptor, adaptor, IKK, NF-kB, and feedback inhibitor layers.",https://www.genome.jp/entry/map04668 ; https://pmc.ncbi.nlm.nih.gov/articles/PMC4833637/
TNF_NFkB,TNFAIP3,up,"Canonical TNF-NF-kB inflammatory signaling genes spanning receptor, adaptor, IKK, NF-kB, and feedback inhibitor layers.",https://www.genome.jp/entry/map04668 ; https://pmc.ncbi.nlm.nih.gov/articles/PMC4833637/
TLR_cGAS_STING,TLR3,up,"Combined innate DNA/RNA sensing set for chicken, integrating TLR and cGAS-STING signaling; includes avian TLR15 and TLR21 plus MB21D1-cGAS and TMEM173-STING core nodes.",https://pmc.ncbi.nlm.nih.gov/articles/PMC7901977/ ; https://pmc.ncbi.nlm.nih.gov/articles/PMC10451998/ ; https://pmc.ncbi.nlm.nih.gov/articles/PMC3389315/
TLR_cGAS_STING,TLR4,up,"Combined innate DNA/RNA sensing set for chicken, integrating TLR and cGAS-STING signaling; includes avian TLR15 and TLR21 plus MB21D1-cGAS and TMEM173-STING core nodes.",https://pmc.ncbi.nlm.nih.gov/articles/PMC7901977/ ; https://pmc.ncbi.nlm.nih.gov/articles/PMC10451998/ ; https://pmc.ncbi.nlm.nih.gov/articles/PMC3389315/
TLR_cGAS_STING,TLR15,up,"Combined innate DNA/RNA sensing set for chicken, integrating TLR and cGAS-STING signaling; includes avian TLR15 and TLR21 plus MB21D1-cGAS and TMEM173-STING core nodes.",https://pmc.ncbi.nlm.nih.gov/articles/PMC7901977/ ; https://pmc.ncbi.nlm.nih.gov/articles/PMC10451998/ ; https://pmc.ncbi.nlm.nih.gov/articles/PMC3389315/
TLR_cGAS_STING,TLR21,up,"Combined innate DNA/RNA sensing set for chicken, integrating TLR and cGAS-STING signaling; includes avian TLR15 and TLR21 plus MB21D1-cGAS and TMEM173-STING core nodes.",https://pmc.ncbi.nlm.nih.gov/articles/PMC7901977/ ; https://pmc.ncbi.nlm.nih.gov/articles/PMC10451998/ ; https://pmc.ncbi.nlm.nih.gov/articles/PMC3389315/
TLR_cGAS_STING,MYD88,up,"Combined innate DNA/RNA sensing set for chicken, integrating TLR and cGAS-STING signaling; includes avian TLR15 and TLR21 plus MB21D1-cGAS and TMEM173-STING core nodes.",https://pmc.ncbi.nlm.nih.gov/articles/PMC7901977/ ; https://pmc.ncbi.nlm.nih.gov/articles/PMC10451998/ ; https://pmc.ncbi.nlm.nih.gov/articles/PMC3389315/
TLR_cGAS_STING,TICAM1,up,"Combined innate DNA/RNA sensing set for chicken, integrating TLR and cGAS-STING signaling; includes avian TLR15 and TLR21 plus MB21D1-cGAS and TMEM173-STING core nodes.",https://pmc.ncbi.nlm.nih.gov/articles/PMC7901977/ ; https://pmc.ncbi.nlm.nih.gov/articles/PMC10451998/ ; https://pmc.ncbi.nlm.nih.gov/articles/PMC3389315/
TLR_cGAS_STING,TRAF3,up,"Combined innate DNA/RNA sensing set for chicken, integrating TLR and cGAS-STING signaling; includes avian TLR15 and TLR21 plus MB21D1-cGAS and TMEM173-STING core nodes.",https://pmc.ncbi.nlm.nih.gov/articles/PMC7901977/ ; https://pmc.ncbi.nlm.nih.gov/articles/PMC10451998/ ; https://pmc.ncbi.nlm.nih.gov/articles/PMC3389315/
TLR_cGAS_STING,TRAF6,up,"Combined innate DNA/RNA sensing set for chicken, integrating TLR and cGAS-STING signaling; includes avian TLR15 and TLR21 plus MB21D1-cGAS and TMEM173-STING core nodes.",https://pmc.ncbi.nlm.nih.gov/articles/PMC7901977/ ; https://pmc.ncbi.nlm.nih.gov/articles/PMC10451998/ ; https://pmc.ncbi.nlm.nih.gov/articles/PMC3389315/
TLR_cGAS_STING,TBK1,up,"Combined innate DNA/RNA sensing set for chicken, integrating TLR and cGAS-STING signaling; includes avian TLR15 and TLR21 plus MB21D1-cGAS and TMEM173-STING core nodes.",https://pmc.ncbi.nlm.nih.gov/articles/PMC7901977/ ; https://pmc.ncbi.nlm.nih.gov/articles/PMC10451998/ ; https://pmc.ncbi.nlm.nih.gov/articles/PMC3389315/
TLR_cGAS_STING,IKBKE,up,"Combined innate DNA/RNA sensing set for chicken, integrating TLR and cGAS-STING signaling; includes avian TLR15 and TLR21 plus MB21D1-cGAS and TMEM173-STING core nodes.",https://pmc.ncbi.nlm.nih.gov/articles/PMC7901977/ ; https://pmc.ncbi.nlm.nih.gov/articles/PMC10451998/ ; https://pmc.ncbi.nlm.nih.gov/articles/PMC3389315/
TLR_cGAS_STING,IRF7,up,"Combined innate DNA/RNA sensing set for chicken, integrating TLR and cGAS-STING signaling; includes avian TLR15 and TLR21 plus MB21D1-cGAS and TMEM173-STING core nodes.",https://pmc.ncbi.nlm.nih.gov/articles/PMC7901977/ ; https://pmc.ncbi.nlm.nih.gov/articles/PMC10451998/ ; https://pmc.ncbi.nlm.nih.gov/articles/PMC3389315/
TLR_cGAS_STING,IFNB,up,"Combined innate DNA/RNA sensing set for chicken, integrating TLR and cGAS-STING signaling; includes avian TLR15 and TLR21 plus MB21D1-cGAS and TMEM173-STING core nodes.",https://pmc.ncbi.nlm.nih.gov/articles/PMC7901977/ ; https://pmc.ncbi.nlm.nih.gov/articles/PMC10451998/ ; https://pmc.ncbi.nlm.nih.gov/articles/PMC3389315/
TLR_cGAS_STING,MB21D1,up,"Combined innate DNA/RNA sensing set for chicken, integrating TLR and cGAS-STING signaling; includes avian TLR15 and TLR21 plus MB21D1-cGAS and TMEM173-STING core nodes.",https://pmc.ncbi.nlm.nih.gov/articles/PMC7901977/ ; https://pmc.ncbi.nlm.nih.gov/articles/PMC10451998/ ; https://pmc.ncbi.nlm.nih.gov/articles/PMC3389315/
TLR_cGAS_STING,TMEM173,up,"Combined innate DNA/RNA sensing set for chicken, integrating TLR and cGAS-STING signaling; includes avian TLR15 and TLR21 plus MB21D1-cGAS and TMEM173-STING core nodes.",https://pmc.ncbi.nlm.nih.gov/articles/PMC7901977/ ; https://pmc.ncbi.nlm.nih.gov/articles/PMC10451998/ ; https://pmc.ncbi.nlm.nih.gov/articles/PMC3389315/
TLR_cGAS_STING,NFKB1,up,"Combined innate DNA/RNA sensing set for chicken, integrating TLR and cGAS-STING signaling; includes avian TLR15 and TLR21 plus MB21D1-cGAS and TMEM173-STING core nodes.",https://pmc.ncbi.nlm.nih.gov/articles/PMC7901977/ ; https://pmc.ncbi.nlm.nih.gov/articles/PMC10451998/ ; https://pmc.ncbi.nlm.nih.gov/articles/PMC3389315/
TLR_cGAS_STING,RELA,up,"Combined innate DNA/RNA sensing set for chicken, integrating TLR and cGAS-STING signaling; includes avian TLR15 and TLR21 plus MB21D1-cGAS and TMEM173-STING core nodes.",https://pmc.ncbi.nlm.nih.gov/articles/PMC7901977/ ; https://pmc.ncbi.nlm.nih.gov/articles/PMC10451998/ ; https://pmc.ncbi.nlm.nih.gov/articles/PMC3389315/
complement,C1QA,up,"Core complement cascade genes spanning classical and alternative pathway recognition, convertases, effectors, receptors, and regulation.",https://pmc.ncbi.nlm.nih.gov/articles/PMC3097465/ ; https://pmc.ncbi.nlm.nih.gov/articles/PMC3820029/
complement,C1QB,up,"Core complement cascade genes spanning classical and alternative pathway recognition, convertases, effectors, receptors, and regulation.",https://pmc.ncbi.nlm.nih.gov/articles/PMC3097465/ ; https://pmc.ncbi.nlm.nih.gov/articles/PMC3820029/
complement,C1QC,up,"Core complement cascade genes spanning classical and alternative pathway recognition, convertases, effectors, receptors, and regulation.",https://pmc.ncbi.nlm.nih.gov/articles/PMC3097465/ ; https://pmc.ncbi.nlm.nih.gov/articles/PMC3820029/
complement,C1R,up,"Core complement cascade genes spanning classical and alternative pathway recognition, convertases, effectors, receptors, and regulation.",https://pmc.ncbi.nlm.nih.gov/articles/PMC3097465/ ; https://pmc.ncbi.nlm.nih.gov/articles/PMC3820029/
complement,C1S,up,"Core complement cascade genes spanning classical and alternative pathway recognition, convertases, effectors, receptors, and regulation.",https://pmc.ncbi.nlm.nih.gov/articles/PMC3097465/ ; https://pmc.ncbi.nlm.nih.gov/articles/PMC3820029/
complement,C2,up,"Core complement cascade genes spanning classical and alternative pathway recognition, convertases, effectors, receptors, and regulation.",https://pmc.ncbi.nlm.nih.gov/articles/PMC3097465/ ; https://pmc.ncbi.nlm.nih.gov/articles/PMC3820029/
complement,C3,up,"Core complement cascade genes spanning classical and alternative pathway recognition, convertases, effectors, receptors, and regulation.",https://pmc.ncbi.nlm.nih.gov/articles/PMC3097465/ ; https://pmc.ncbi.nlm.nih.gov/articles/PMC3820029/
complement,C4,up,"Core complement cascade genes spanning classical and alternative pathway recognition, convertases, effectors, receptors, and regulation.",https://pmc.ncbi.nlm.nih.gov/articles/PMC3097465/ ; https://pmc.ncbi.nlm.nih.gov/articles/PMC3820029/
complement,C5,up,"Core complement cascade genes spanning classical and alternative pathway recognition, convertases, effectors, receptors, and regulation.",https://pmc.ncbi.nlm.nih.gov/articles/PMC3097465/ ; https://pmc.ncbi.nlm.nih.gov/articles/PMC3820029/
complement,CFB,up,"Core complement cascade genes spanning classical and alternative pathway recognition, convertases, effectors, receptors, and regulation.",https://pmc.ncbi.nlm.nih.gov/articles/PMC3097465/ ; https://pmc.ncbi.nlm.nih.gov/articles/PMC3820029/
complement,CFD,up,"Core complement cascade genes spanning classical and alternative pathway recognition, convertases, effectors, receptors, and regulation.",https://pmc.ncbi.nlm.nih.gov/articles/PMC3097465/ ; https://pmc.ncbi.nlm.nih.gov/articles/PMC3820029/
complement,CFP,up,"Core complement cascade genes spanning classical and alternative pathway recognition, convertases, effectors, receptors, and regulation.",https://pmc.ncbi.nlm.nih.gov/articles/PMC3097465/ ; https://pmc.ncbi.nlm.nih.gov/articles/PMC3820029/
complement,C3AR1,up,"Core complement cascade genes spanning classical and alternative pathway recognition, convertases, effectors, receptors, and regulation.",https://pmc.ncbi.nlm.nih.gov/articles/PMC3097465/ ; https://pmc.ncbi.nlm.nih.gov/articles/PMC3820029/
complement,C5AR1,up,"Core complement cascade genes spanning classical and alternative pathway recognition, convertases, effectors, receptors, and regulation.",https://pmc.ncbi.nlm.nih.gov/articles/PMC3097465/ ; https://pmc.ncbi.nlm.nih.gov/articles/PMC3820029/
complement,SERPING1,up,"Core complement cascade genes spanning classical and alternative pathway recognition, convertases, effectors, receptors, and regulation.",https://pmc.ncbi.nlm.nih.gov/articles/PMC3097465/ ; https://pmc.ncbi.nlm.nih.gov/articles/PMC3820029/
heterophil_myeloid,LYZ,up,"Broad avian heterophil/myeloid activation set emphasizing granulocyte lineage, oxidative burst, innate sensing, and inflammatory effector genes.",https://pmc.ncbi.nlm.nih.gov/articles/PMC3111730/ ; https://pmc.ncbi.nlm.nih.gov/articles/PMC11156169/ ; https://pmc.ncbi.nlm.nih.gov/articles/PMC3389315/
heterophil_myeloid,CSF3R,up,"Broad avian heterophil/myeloid activation set emphasizing granulocyte lineage, oxidative burst, innate sensing, and inflammatory effector genes.",https://pmc.ncbi.nlm.nih.gov/articles/PMC3111730/ ; https://pmc.ncbi.nlm.nih.gov/articles/PMC11156169/ ; https://pmc.ncbi.nlm.nih.gov/articles/PMC3389315/
heterophil_myeloid,CSF1R,up,"Broad avian heterophil/myeloid activation set emphasizing granulocyte lineage, oxidative burst, innate sensing, and inflammatory effector genes.",https://pmc.ncbi.nlm.nih.gov/articles/PMC3111730/ ; https://pmc.ncbi.nlm.nih.gov/articles/PMC11156169/ ; https://pmc.ncbi.nlm.nih.gov/articles/PMC3389315/
heterophil_myeloid,SPI1,up,"Broad avian heterophil/myeloid activation set emphasizing granulocyte lineage, oxidative burst, innate sensing, and inflammatory effector genes.",https://pmc.ncbi.nlm.nih.gov/articles/PMC3111730/ ; https://pmc.ncbi.nlm.nih.gov/articles/PMC11156169/ ; https://pmc.ncbi.nlm.nih.gov/articles/PMC3389315/
heterophil_myeloid,FCER1G,up,"Broad avian heterophil/myeloid activation set emphasizing granulocyte lineage, oxidative burst, innate sensing, and inflammatory effector genes.",https://pmc.ncbi.nlm.nih.gov/articles/PMC3111730/ ; https://pmc.ncbi.nlm.nih.gov/articles/PMC11156169/ ; https://pmc.ncbi.nlm.nih.gov/articles/PMC3389315/
heterophil_myeloid,TYROBP,up,"Broad avian heterophil/myeloid activation set emphasizing granulocyte lineage, oxidative burst, innate sensing, and inflammatory effector genes.",https://pmc.ncbi.nlm.nih.gov/articles/PMC3111730/ ; https://pmc.ncbi.nlm.nih.gov/articles/PMC11156169/ ; https://pmc.ncbi.nlm.nih.gov/articles/PMC3389315/
heterophil_myeloid,CYBB,up,"Broad avian heterophil/myeloid activation set emphasizing granulocyte lineage, oxidative burst, innate sensing, and inflammatory effector genes.",https://pmc.ncbi.nlm.nih.gov/articles/PMC3111730/ ; https://pmc.ncbi.nlm.nih.gov/articles/PMC11156169/ ; https://pmc.ncbi.nlm.nih.gov/articles/PMC3389315/
heterophil_myeloid,NCF1,up,"Broad avian heterophil/myeloid activation set emphasizing granulocyte lineage, oxidative burst, innate sensing, and inflammatory effector genes.",https://pmc.ncbi.nlm.nih.gov/articles/PMC3111730/ ; https://pmc.ncbi.nlm.nih.gov/articles/PMC11156169/ ; https://pmc.ncbi.nlm.nih.gov/articles/PMC3389315/
heterophil_myeloid,NCF2,up,"Broad avian heterophil/myeloid activation set emphasizing granulocyte lineage, oxidative burst, innate sensing, and inflammatory effector genes.",https://pmc.ncbi.nlm.nih.gov/articles/PMC3111730/ ; https://pmc.ncbi.nlm.nih.gov/articles/PMC11156169/ ; https://pmc.ncbi.nlm.nih.gov/articles/PMC3389315/
heterophil_myeloid,ITGAM,up,"Broad avian heterophil/myeloid activation set emphasizing granulocyte lineage, oxidative burst, innate sensing, and inflammatory effector genes.",https://pmc.ncbi.nlm.nih.gov/articles/PMC3111730/ ; https://pmc.ncbi.nlm.nih.gov/articles/PMC11156169/ ; https://pmc.ncbi.nlm.nih.gov/articles/PMC3389315/
heterophil_myeloid,ITGB2,up,"Broad avian heterophil/myeloid activation set emphasizing granulocyte lineage, oxidative burst, innate sensing, and inflammatory effector genes.",https://pmc.ncbi.nlm.nih.gov/articles/PMC3111730/ ; https://pmc.ncbi.nlm.nih.gov/articles/PMC11156169/ ; https://pmc.ncbi.nlm.nih.gov/articles/PMC3389315/
heterophil_myeloid,MMP9,up,"Broad avian heterophil/myeloid activation set emphasizing granulocyte lineage, oxidative burst, innate sensing, and inflammatory effector genes.",https://pmc.ncbi.nlm.nih.gov/articles/PMC3111730/ ; https://pmc.ncbi.nlm.nih.gov/articles/PMC11156169/ ; https://pmc.ncbi.nlm.nih.gov/articles/PMC3389315/
heterophil_myeloid,IL1B,up,"Broad avian heterophil/myeloid activation set emphasizing granulocyte lineage, oxidative burst, innate sensing, and inflammatory effector genes.",https://pmc.ncbi.nlm.nih.gov/articles/PMC3111730/ ; https://pmc.ncbi.nlm.nih.gov/articles/PMC11156169/ ; https://pmc.ncbi.nlm.nih.gov/articles/PMC3389315/
heterophil_myeloid,IL6,up,"Broad avian heterophil/myeloid activation set emphasizing granulocyte lineage, oxidative burst, innate sensing, and inflammatory effector genes.",https://pmc.ncbi.nlm.nih.gov/articles/PMC3111730/ ; https://pmc.ncbi.nlm.nih.gov/articles/PMC11156169/ ; https://pmc.ncbi.nlm.nih.gov/articles/PMC3389315/
heterophil_myeloid,TLR4,up,"Broad avian heterophil/myeloid activation set emphasizing granulocyte lineage, oxidative burst, innate sensing, and inflammatory effector genes.",https://pmc.ncbi.nlm.nih.gov/articles/PMC3111730/ ; https://pmc.ncbi.nlm.nih.gov/articles/PMC11156169/ ; https://pmc.ncbi.nlm.nih.gov/articles/PMC3389315/
heterophil_myeloid,TLR15,up,"Broad avian heterophil/myeloid activation set emphasizing granulocyte lineage, oxidative burst, innate sensing, and inflammatory effector genes.",https://pmc.ncbi.nlm.nih.gov/articles/PMC3111730/ ; https://pmc.ncbi.nlm.nih.gov/articles/PMC11156169/ ; https://pmc.ncbi.nlm.nih.gov/articles/PMC3389315/
heterophil_myeloid,TLR21,up,"Broad avian heterophil/myeloid activation set emphasizing granulocyte lineage, oxidative burst, innate sensing, and inflammatory effector genes.",https://pmc.ncbi.nlm.nih.gov/articles/PMC3111730/ ; https://pmc.ncbi.nlm.nih.gov/articles/PMC11156169/ ; https://pmc.ncbi.nlm.nih.gov/articles/PMC3389315/
angiogenesis,VEGFA,up,"Core angiogenic/endothelial sprouting and vessel maturation genes centered on VEGF, ANGPT-TEK, and DLL4-NOTCH signaling.",https://pmc.ncbi.nlm.nih.gov/articles/PMC10418718/ ; https://pmc.ncbi.nlm.nih.gov/articles/PMC3105195/
angiogenesis,KDR,up,"Core angiogenic/endothelial sprouting and vessel maturation genes centered on VEGF, ANGPT-TEK, and DLL4-NOTCH signaling.",https://pmc.ncbi.nlm.nih.gov/articles/PMC10418718/ ; https://pmc.ncbi.nlm.nih.gov/articles/PMC3105195/
angiogenesis,FLT1,up,"Core angiogenic/endothelial sprouting and vessel maturation genes centered on VEGF, ANGPT-TEK, and DLL4-NOTCH signaling.",https://pmc.ncbi.nlm.nih.gov/articles/PMC10418718/ ; https://pmc.ncbi.nlm.nih.gov/articles/PMC3105195/
angiogenesis,ANGPT1,up,"Core angiogenic/endothelial sprouting and vessel maturation genes centered on VEGF, ANGPT-TEK, and DLL4-NOTCH signaling.",https://pmc.ncbi.nlm.nih.gov/articles/PMC10418718/ ; https://pmc.ncbi.nlm.nih.gov/articles/PMC3105195/
angiogenesis,ANGPT2,up,"Core angiogenic/endothelial sprouting and vessel maturation genes centered on VEGF, ANGPT-TEK, and DLL4-NOTCH signaling.",https://pmc.ncbi.nlm.nih.gov/articles/PMC10418718/ ; https://pmc.ncbi.nlm.nih.gov/articles/PMC3105195/
angiogenesis,TEK,up,"Core angiogenic/endothelial sprouting and vessel maturation genes centered on VEGF, ANGPT-TEK, and DLL4-NOTCH signaling.",https://pmc.ncbi.nlm.nih.gov/articles/PMC10418718/ ; https://pmc.ncbi.nlm.nih.gov/articles/PMC3105195/
angiogenesis,DLL4,up,"Core angiogenic/endothelial sprouting and vessel maturation genes centered on VEGF, ANGPT-TEK, and DLL4-NOTCH signaling.",https://pmc.ncbi.nlm.nih.gov/articles/PMC10418718/ ; https://pmc.ncbi.nlm.nih.gov/articles/PMC3105195/
angiogenesis,NOTCH1,up,"Core angiogenic/endothelial sprouting and vessel maturation genes centered on VEGF, ANGPT-TEK, and DLL4-NOTCH signaling.",https://pmc.ncbi.nlm.nih.gov/articles/PMC10418718/ ; https://pmc.ncbi.nlm.nih.gov/articles/PMC3105195/
angiogenesis,HIF1A,up,"Core angiogenic/endothelial sprouting and vessel maturation genes centered on VEGF, ANGPT-TEK, and DLL4-NOTCH signaling.",https://pmc.ncbi.nlm.nih.gov/articles/PMC10418718/ ; https://pmc.ncbi.nlm.nih.gov/articles/PMC3105195/
angiogenesis,PECAM1,up,"Core angiogenic/endothelial sprouting and vessel maturation genes centered on VEGF, ANGPT-TEK, and DLL4-NOTCH signaling.",https://pmc.ncbi.nlm.nih.gov/articles/PMC10418718/ ; https://pmc.ncbi.nlm.nih.gov/articles/PMC3105195/
angiogenesis,CDH5,up,"Core angiogenic/endothelial sprouting and vessel maturation genes centered on VEGF, ANGPT-TEK, and DLL4-NOTCH signaling.",https://pmc.ncbi.nlm.nih.gov/articles/PMC10418718/ ; https://pmc.ncbi.nlm.nih.gov/articles/PMC3105195/
angiogenesis,KLF2,up,"Core angiogenic/endothelial sprouting and vessel maturation genes centered on VEGF, ANGPT-TEK, and DLL4-NOTCH signaling.",https://pmc.ncbi.nlm.nih.gov/articles/PMC10418718/ ; https://pmc.ncbi.nlm.nih.gov/articles/PMC3105195/
angiogenesis,MMP2,up,"Core angiogenic/endothelial sprouting and vessel maturation genes centered on VEGF, ANGPT-TEK, and DLL4-NOTCH signaling.",https://pmc.ncbi.nlm.nih.gov/articles/PMC10418718/ ; https://pmc.ncbi.nlm.nih.gov/articles/PMC3105195/
angiogenesis,MMP14,up,"Core angiogenic/endothelial sprouting and vessel maturation genes centered on VEGF, ANGPT-TEK, and DLL4-NOTCH signaling.",https://pmc.ncbi.nlm.nih.gov/articles/PMC10418718/ ; https://pmc.ncbi.nlm.nih.gov/articles/PMC3105195/
osteogenesis,RUNX2,up,"Osteoblast differentiation and matrix mineralization program centered on RUNX2-SP7, BMP-SMAD signaling, and bone matrix genes.",https://pmc.ncbi.nlm.nih.gov/articles/PMC11432631/ ; https://pmc.ncbi.nlm.nih.gov/articles/PMC8635864/ ; https://pmc.ncbi.nlm.nih.gov/articles/PMC5771409/
osteogenesis,SP7,up,"Osteoblast differentiation and matrix mineralization program centered on RUNX2-SP7, BMP-SMAD signaling, and bone matrix genes.",https://pmc.ncbi.nlm.nih.gov/articles/PMC11432631/ ; https://pmc.ncbi.nlm.nih.gov/articles/PMC8635864/ ; https://pmc.ncbi.nlm.nih.gov/articles/PMC5771409/
osteogenesis,ALPL,up,"Osteoblast differentiation and matrix mineralization program centered on RUNX2-SP7, BMP-SMAD signaling, and bone matrix genes.",https://pmc.ncbi.nlm.nih.gov/articles/PMC11432631/ ; https://pmc.ncbi.nlm.nih.gov/articles/PMC8635864/ ; https://pmc.ncbi.nlm.nih.gov/articles/PMC5771409/
osteogenesis,BGLAP,up,"Osteoblast differentiation and matrix mineralization program centered on RUNX2-SP7, BMP-SMAD signaling, and bone matrix genes.",https://pmc.ncbi.nlm.nih.gov/articles/PMC11432631/ ; https://pmc.ncbi.nlm.nih.gov/articles/PMC8635864/ ; https://pmc.ncbi.nlm.nih.gov/articles/PMC5771409/
osteogenesis,SPP1,up,"Osteoblast differentiation and matrix mineralization program centered on RUNX2-SP7, BMP-SMAD signaling, and bone matrix genes.",https://pmc.ncbi.nlm.nih.gov/articles/PMC11432631/ ; https://pmc.ncbi.nlm.nih.gov/articles/PMC8635864/ ; https://pmc.ncbi.nlm.nih.gov/articles/PMC5771409/
osteogenesis,IBSP,up,"Osteoblast differentiation and matrix mineralization program centered on RUNX2-SP7, BMP-SMAD signaling, and bone matrix genes.",https://pmc.ncbi.nlm.nih.gov/articles/PMC11432631/ ; https://pmc.ncbi.nlm.nih.gov/articles/PMC8635864/ ; https://pmc.ncbi.nlm.nih.gov/articles/PMC5771409/
osteogenesis,COL1A1,up,"Osteoblast differentiation and matrix mineralization program centered on RUNX2-SP7, BMP-SMAD signaling, and bone matrix genes.",https://pmc.ncbi.nlm.nih.gov/articles/PMC11432631/ ; https://pmc.ncbi.nlm.nih.gov/articles/PMC8635864/ ; https://pmc.ncbi.nlm.nih.gov/articles/PMC5771409/
osteogenesis,COL1A2,up,"Osteoblast differentiation and matrix mineralization program centered on RUNX2-SP7, BMP-SMAD signaling, and bone matrix genes.",https://pmc.ncbi.nlm.nih.gov/articles/PMC11432631/ ; https://pmc.ncbi.nlm.nih.gov/articles/PMC8635864/ ; https://pmc.ncbi.nlm.nih.gov/articles/PMC5771409/
osteogenesis,BMP2,up,"Osteoblast differentiation and matrix mineralization program centered on RUNX2-SP7, BMP-SMAD signaling, and bone matrix genes.",https://pmc.ncbi.nlm.nih.gov/articles/PMC11432631/ ; https://pmc.ncbi.nlm.nih.gov/articles/PMC8635864/ ; https://pmc.ncbi.nlm.nih.gov/articles/PMC5771409/
osteogenesis,BMP4,up,"Osteoblast differentiation and matrix mineralization program centered on RUNX2-SP7, BMP-SMAD signaling, and bone matrix genes.",https://pmc.ncbi.nlm.nih.gov/articles/PMC11432631/ ; https://pmc.ncbi.nlm.nih.gov/articles/PMC8635864/ ; https://pmc.ncbi.nlm.nih.gov/articles/PMC5771409/
osteogenesis,SMAD1,up,"Osteoblast differentiation and matrix mineralization program centered on RUNX2-SP7, BMP-SMAD signaling, and bone matrix genes.",https://pmc.ncbi.nlm.nih.gov/articles/PMC11432631/ ; https://pmc.ncbi.nlm.nih.gov/articles/PMC8635864/ ; https://pmc.ncbi.nlm.nih.gov/articles/PMC5771409/
osteogenesis,SMAD5,up,"Osteoblast differentiation and matrix mineralization program centered on RUNX2-SP7, BMP-SMAD signaling, and bone matrix genes.",https://pmc.ncbi.nlm.nih.gov/articles/PMC11432631/ ; https://pmc.ncbi.nlm.nih.gov/articles/PMC8635864/ ; https://pmc.ncbi.nlm.nih.gov/articles/PMC5771409/
osteogenesis,POSTN,up,"Osteoblast differentiation and matrix mineralization program centered on RUNX2-SP7, BMP-SMAD signaling, and bone matrix genes.",https://pmc.ncbi.nlm.nih.gov/articles/PMC11432631/ ; https://pmc.ncbi.nlm.nih.gov/articles/PMC8635864/ ; https://pmc.ncbi.nlm.nih.gov/articles/PMC5771409/
osteogenesis,DLX5,up,"Osteoblast differentiation and matrix mineralization program centered on RUNX2-SP7, BMP-SMAD signaling, and bone matrix genes.",https://pmc.ncbi.nlm.nih.gov/articles/PMC11432631/ ; https://pmc.ncbi.nlm.nih.gov/articles/PMC8635864/ ; https://pmc.ncbi.nlm.nih.gov/articles/PMC5771409/
ECM_remodeling,MMP2,up,"Extracellular matrix turnover/remodeling set including proteases, inhibitors, crosslinking, provisional matrix, and TGF-beta-linked remodeling genes.",https://pmc.ncbi.nlm.nih.gov/articles/PMC7767220/ ; https://pmc.ncbi.nlm.nih.gov/articles/PMC3225943/ ; https://pmc.ncbi.nlm.nih.gov/articles/PMC10352474/
ECM_remodeling,MMP9,up,"Extracellular matrix turnover/remodeling set including proteases, inhibitors, crosslinking, provisional matrix, and TGF-beta-linked remodeling genes.",https://pmc.ncbi.nlm.nih.gov/articles/PMC7767220/ ; https://pmc.ncbi.nlm.nih.gov/articles/PMC3225943/ ; https://pmc.ncbi.nlm.nih.gov/articles/PMC10352474/
ECM_remodeling,MMP13,up,"Extracellular matrix turnover/remodeling set including proteases, inhibitors, crosslinking, provisional matrix, and TGF-beta-linked remodeling genes.",https://pmc.ncbi.nlm.nih.gov/articles/PMC7767220/ ; https://pmc.ncbi.nlm.nih.gov/articles/PMC3225943/ ; https://pmc.ncbi.nlm.nih.gov/articles/PMC10352474/
ECM_remodeling,MMP14,up,"Extracellular matrix turnover/remodeling set including proteases, inhibitors, crosslinking, provisional matrix, and TGF-beta-linked remodeling genes.",https://pmc.ncbi.nlm.nih.gov/articles/PMC7767220/ ; https://pmc.ncbi.nlm.nih.gov/articles/PMC3225943/ ; https://pmc.ncbi.nlm.nih.gov/articles/PMC10352474/
ECM_remodeling,TIMP1,up,"Extracellular matrix turnover/remodeling set including proteases, inhibitors, crosslinking, provisional matrix, and TGF-beta-linked remodeling genes.",https://pmc.ncbi.nlm.nih.gov/articles/PMC7767220/ ; https://pmc.ncbi.nlm.nih.gov/articles/PMC3225943/ ; https://pmc.ncbi.nlm.nih.gov/articles/PMC10352474/
ECM_remodeling,TIMP2,up,"Extracellular matrix turnover/remodeling set including proteases, inhibitors, crosslinking, provisional matrix, and TGF-beta-linked remodeling genes.",https://pmc.ncbi.nlm.nih.gov/articles/PMC7767220/ ; https://pmc.ncbi.nlm.nih.gov/articles/PMC3225943/ ; https://pmc.ncbi.nlm.nih.gov/articles/PMC10352474/
ECM_remodeling,LOX,up,"Extracellular matrix turnover/remodeling set including proteases, inhibitors, crosslinking, provisional matrix, and TGF-beta-linked remodeling genes.",https://pmc.ncbi.nlm.nih.gov/articles/PMC7767220/ ; https://pmc.ncbi.nlm.nih.gov/articles/PMC3225943/ ; https://pmc.ncbi.nlm.nih.gov/articles/PMC10352474/
ECM_remodeling,FN1,up,"Extracellular matrix turnover/remodeling set including proteases, inhibitors, crosslinking, provisional matrix, and TGF-beta-linked remodeling genes.",https://pmc.ncbi.nlm.nih.gov/articles/PMC7767220/ ; https://pmc.ncbi.nlm.nih.gov/articles/PMC3225943/ ; https://pmc.ncbi.nlm.nih.gov/articles/PMC10352474/
ECM_remodeling,COL1A1,up,"Extracellular matrix turnover/remodeling set including proteases, inhibitors, crosslinking, provisional matrix, and TGF-beta-linked remodeling genes.",https://pmc.ncbi.nlm.nih.gov/articles/PMC7767220/ ; https://pmc.ncbi.nlm.nih.gov/articles/PMC3225943/ ; https://pmc.ncbi.nlm.nih.gov/articles/PMC10352474/
ECM_remodeling,COL3A1,up,"Extracellular matrix turnover/remodeling set including proteases, inhibitors, crosslinking, provisional matrix, and TGF-beta-linked remodeling genes.",https://pmc.ncbi.nlm.nih.gov/articles/PMC7767220/ ; https://pmc.ncbi.nlm.nih.gov/articles/PMC3225943/ ; https://pmc.ncbi.nlm.nih.gov/articles/PMC10352474/
ECM_remodeling,VCAN,up,"Extracellular matrix turnover/remodeling set including proteases, inhibitors, crosslinking, provisional matrix, and TGF-beta-linked remodeling genes.",https://pmc.ncbi.nlm.nih.gov/articles/PMC7767220/ ; https://pmc.ncbi.nlm.nih.gov/articles/PMC3225943/ ; https://pmc.ncbi.nlm.nih.gov/articles/PMC10352474/
ECM_remodeling,THBS2,up,"Extracellular matrix turnover/remodeling set including proteases, inhibitors, crosslinking, provisional matrix, and TGF-beta-linked remodeling genes.",https://pmc.ncbi.nlm.nih.gov/articles/PMC7767220/ ; https://pmc.ncbi.nlm.nih.gov/articles/PMC3225943/ ; https://pmc.ncbi.nlm.nih.gov/articles/PMC10352474/
ECM_remodeling,ADAMTS2,up,"Extracellular matrix turnover/remodeling set including proteases, inhibitors, crosslinking, provisional matrix, and TGF-beta-linked remodeling genes.",https://pmc.ncbi.nlm.nih.gov/articles/PMC7767220/ ; https://pmc.ncbi.nlm.nih.gov/articles/PMC3225943/ ; https://pmc.ncbi.nlm.nih.gov/articles/PMC10352474/
ECM_remodeling,TGFB1,up,"Extracellular matrix turnover/remodeling set including proteases, inhibitors, crosslinking, provisional matrix, and TGF-beta-linked remodeling genes.",https://pmc.ncbi.nlm.nih.gov/articles/PMC7767220/ ; https://pmc.ncbi.nlm.nih.gov/articles/PMC3225943/ ; https://pmc.ncbi.nlm.nih.gov/articles/PMC10352474/
ECM_remodeling,PLAU,up,"Extracellular matrix turnover/remodeling set including proteases, inhibitors, crosslinking, provisional matrix, and TGF-beta-linked remodeling genes.",https://pmc.ncbi.nlm.nih.gov/articles/PMC7767220/ ; https://pmc.ncbi.nlm.nih.gov/articles/PMC3225943/ ; https://pmc.ncbi.nlm.nih.gov/articles/PMC10352474/
sterol_cholesterol_fatty_acid_metabolism,SREBF1,up,"Combined cholesterol-mevalonate and fatty-acid synthesis/oxidation set anchored by SREBPs, de novo lipogenesis enzymes, and beta-oxidation genes.",https://pmc.ncbi.nlm.nih.gov/articles/PMC7460493/ ; https://pmc.ncbi.nlm.nih.gov/articles/PMC150968/ ; https://www.spandidos-publications.com/10.3892/ijo.2023.5522
sterol_cholesterol_fatty_acid_metabolism,SREBF2,up,"Combined cholesterol-mevalonate and fatty-acid synthesis/oxidation set anchored by SREBPs, de novo lipogenesis enzymes, and beta-oxidation genes.",https://pmc.ncbi.nlm.nih.gov/articles/PMC7460493/ ; https://pmc.ncbi.nlm.nih.gov/articles/PMC150968/ ; https://www.spandidos-publications.com/10.3892/ijo.2023.5522
sterol_cholesterol_fatty_acid_metabolism,SCAP,up,"Combined cholesterol-mevalonate and fatty-acid synthesis/oxidation set anchored by SREBPs, de novo lipogenesis enzymes, and beta-oxidation genes.",https://pmc.ncbi.nlm.nih.gov/articles/PMC7460493/ ; https://pmc.ncbi.nlm.nih.gov/articles/PMC150968/ ; https://www.spandidos-publications.com/10.3892/ijo.2023.5522
sterol_cholesterol_fatty_acid_metabolism,HMGCS1,up,"Combined cholesterol-mevalonate and fatty-acid synthesis/oxidation set anchored by SREBPs, de novo lipogenesis enzymes, and beta-oxidation genes.",https://pmc.ncbi.nlm.nih.gov/articles/PMC7460493/ ; https://pmc.ncbi.nlm.nih.gov/articles/PMC150968/ ; https://www.spandidos-publications.com/10.3892/ijo.2023.5522
sterol_cholesterol_fatty_acid_metabolism,HMGCR,up,"Combined cholesterol-mevalonate and fatty-acid synthesis/oxidation set anchored by SREBPs, de novo lipogenesis enzymes, and beta-oxidation genes.",https://pmc.ncbi.nlm.nih.gov/articles/PMC7460493/ ; https://pmc.ncbi.nlm.nih.gov/articles/PMC150968/ ; https://www.spandidos-publications.com/10.3892/ijo.2023.5522
sterol_cholesterol_fatty_acid_metabolism,MVK,up,"Combined cholesterol-mevalonate and fatty-acid synthesis/oxidation set anchored by SREBPs, de novo lipogenesis enzymes, and beta-oxidation genes.",https://pmc.ncbi.nlm.nih.gov/articles/PMC7460493/ ; https://pmc.ncbi.nlm.nih.gov/articles/PMC150968/ ; https://www.spandidos-publications.com/10.3892/ijo.2023.5522
sterol_cholesterol_fatty_acid_metabolism,MVD,up,"Combined cholesterol-mevalonate and fatty-acid synthesis/oxidation set anchored by SREBPs, de novo lipogenesis enzymes, and beta-oxidation genes.",https://pmc.ncbi.nlm.nih.gov/articles/PMC7460493/ ; https://pmc.ncbi.nlm.nih.gov/articles/PMC150968/ ; https://www.spandidos-publications.com/10.3892/ijo.2023.5522
sterol_cholesterol_fatty_acid_metabolism,FDFT1,up,"Combined cholesterol-mevalonate and fatty-acid synthesis/oxidation set anchored by SREBPs, de novo lipogenesis enzymes, and beta-oxidation genes.",https://pmc.ncbi.nlm.nih.gov/articles/PMC7460493/ ; https://pmc.ncbi.nlm.nih.gov/articles/PMC150968/ ; https://www.spandidos-publications.com/10.3892/ijo.2023.5522
sterol_cholesterol_fatty_acid_metabolism,SQLE,up,"Combined cholesterol-mevalonate and fatty-acid synthesis/oxidation set anchored by SREBPs, de novo lipogenesis enzymes, and beta-oxidation genes.",https://pmc.ncbi.nlm.nih.gov/articles/PMC7460493/ ; https://pmc.ncbi.nlm.nih.gov/articles/PMC150968/ ; https://www.spandidos-publications.com/10.3892/ijo.2023.5522
sterol_cholesterol_fatty_acid_metabolism,DHCR7,up,"Combined cholesterol-mevalonate and fatty-acid synthesis/oxidation set anchored by SREBPs, de novo lipogenesis enzymes, and beta-oxidation genes.",https://pmc.ncbi.nlm.nih.gov/articles/PMC7460493/ ; https://pmc.ncbi.nlm.nih.gov/articles/PMC150968/ ; https://www.spandidos-publications.com/10.3892/ijo.2023.5522
sterol_cholesterol_fatty_acid_metabolism,LDLR,up,"Combined cholesterol-mevalonate and fatty-acid synthesis/oxidation set anchored by SREBPs, de novo lipogenesis enzymes, and beta-oxidation genes.",https://pmc.ncbi.nlm.nih.gov/articles/PMC7460493/ ; https://pmc.ncbi.nlm.nih.gov/articles/PMC150968/ ; https://www.spandidos-publications.com/10.3892/ijo.2023.5522
sterol_cholesterol_fatty_acid_metabolism,ACLY,up,"Combined cholesterol-mevalonate and fatty-acid synthesis/oxidation set anchored by SREBPs, de novo lipogenesis enzymes, and beta-oxidation genes.",https://pmc.ncbi.nlm.nih.gov/articles/PMC7460493/ ; https://pmc.ncbi.nlm.nih.gov/articles/PMC150968/ ; https://www.spandidos-publications.com/10.3892/ijo.2023.5522
sterol_cholesterol_fatty_acid_metabolism,ACACA,up,"Combined cholesterol-mevalonate and fatty-acid synthesis/oxidation set anchored by SREBPs, de novo lipogenesis enzymes, and beta-oxidation genes.",https://pmc.ncbi.nlm.nih.gov/articles/PMC7460493/ ; https://pmc.ncbi.nlm.nih.gov/articles/PMC150968/ ; https://www.spandidos-publications.com/10.3892/ijo.2023.5522
sterol_cholesterol_fatty_acid_metabolism,FASN,up,"Combined cholesterol-mevalonate and fatty-acid synthesis/oxidation set anchored by SREBPs, de novo lipogenesis enzymes, and beta-oxidation genes.",https://pmc.ncbi.nlm.nih.gov/articles/PMC7460493/ ; https://pmc.ncbi.nlm.nih.gov/articles/PMC150968/ ; https://www.spandidos-publications.com/10.3892/ijo.2023.5522
sterol_cholesterol_fatty_acid_metabolism,SCD,up,"Combined cholesterol-mevalonate and fatty-acid synthesis/oxidation set anchored by SREBPs, de novo lipogenesis enzymes, and beta-oxidation genes.",https://pmc.ncbi.nlm.nih.gov/articles/PMC7460493/ ; https://pmc.ncbi.nlm.nih.gov/articles/PMC150968/ ; https://www.spandidos-publications.com/10.3892/ijo.2023.5522
sterol_cholesterol_fatty_acid_metabolism,CPT1A,up,"Combined cholesterol-mevalonate and fatty-acid synthesis/oxidation set anchored by SREBPs, de novo lipogenesis enzymes, and beta-oxidation genes.",https://pmc.ncbi.nlm.nih.gov/articles/PMC7460493/ ; https://pmc.ncbi.nlm.nih.gov/articles/PMC150968/ ; https://www.spandidos-publications.com/10.3892/ijo.2023.5522
sterol_cholesterol_fatty_acid_metabolism,ACOX1,up,"Combined cholesterol-mevalonate and fatty-acid synthesis/oxidation set anchored by SREBPs, de novo lipogenesis enzymes, and beta-oxidation genes.",https://pmc.ncbi.nlm.nih.gov/articles/PMC7460493/ ; https://pmc.ncbi.nlm.nih.gov/articles/PMC150968/ ; https://www.spandidos-publications.com/10.3892/ijo.2023.5522
sterol_cholesterol_fatty_acid_metabolism,ACADM,up,"Combined cholesterol-mevalonate and fatty-acid synthesis/oxidation set anchored by SREBPs, de novo lipogenesis enzymes, and beta-oxidation genes.",https://pmc.ncbi.nlm.nih.gov/articles/PMC7460493/ ; https://pmc.ncbi.nlm.nih.gov/articles/PMC150968/ ; https://www.spandidos-publications.com/10.3892/ijo.2023.5522
sterol_cholesterol_fatty_acid_metabolism,PPARA,up,"Combined cholesterol-mevalonate and fatty-acid synthesis/oxidation set anchored by SREBPs, de novo lipogenesis enzymes, and beta-oxidation genes.",https://pmc.ncbi.nlm.nih.gov/articles/PMC7460493/ ; https://pmc.ncbi.nlm.nih.gov/articles/PMC150968/ ; https://www.spandidos-publications.com/10.3892/ijo.2023.5522
fracture_healing,IL6,up,"Fracture-healing / endochondral-repair composite spanning inflammatory priming, angiogenesis, cartilage-to-bone transition, osteogenesis, and remodeling.",https://pmc.ncbi.nlm.nih.gov/articles/PMC4833637/ ; https://pmc.ncbi.nlm.nih.gov/articles/PMC3105195/ ; https://journals.biologists.com/dev/article/142/5/817/47199/A-pathway-to-bone-signaling-molecules-and
fracture_healing,TNF,up,"Fracture-healing / endochondral-repair composite spanning inflammatory priming, angiogenesis, cartilage-to-bone transition, osteogenesis, and remodeling.",https://pmc.ncbi.nlm.nih.gov/articles/PMC4833637/ ; https://pmc.ncbi.nlm.nih.gov/articles/PMC3105195/ ; https://journals.biologists.com/dev/article/142/5/817/47199/A-pathway-to-bone-signaling-molecules-and
fracture_healing,TGFB1,up,"Fracture-healing / endochondral-repair composite spanning inflammatory priming, angiogenesis, cartilage-to-bone transition, osteogenesis, and remodeling.",https://pmc.ncbi.nlm.nih.gov/articles/PMC4833637/ ; https://pmc.ncbi.nlm.nih.gov/articles/PMC3105195/ ; https://journals.biologists.com/dev/article/142/5/817/47199/A-pathway-to-bone-signaling-molecules-and
fracture_healing,VEGFA,up,"Fracture-healing / endochondral-repair composite spanning inflammatory priming, angiogenesis, cartilage-to-bone transition, osteogenesis, and remodeling.",https://pmc.ncbi.nlm.nih.gov/articles/PMC4833637/ ; https://pmc.ncbi.nlm.nih.gov/articles/PMC3105195/ ; https://journals.biologists.com/dev/article/142/5/817/47199/A-pathway-to-bone-signaling-molecules-and
fracture_healing,RUNX2,up,"Fracture-healing / endochondral-repair composite spanning inflammatory priming, angiogenesis, cartilage-to-bone transition, osteogenesis, and remodeling.",https://pmc.ncbi.nlm.nih.gov/articles/PMC4833637/ ; https://pmc.ncbi.nlm.nih.gov/articles/PMC3105195/ ; https://journals.biologists.com/dev/article/142/5/817/47199/A-pathway-to-bone-signaling-molecules-and
fracture_healing,SOX9,up,"Fracture-healing / endochondral-repair composite spanning inflammatory priming, angiogenesis, cartilage-to-bone transition, osteogenesis, and remodeling.",https://pmc.ncbi.nlm.nih.gov/articles/PMC4833637/ ; https://pmc.ncbi.nlm.nih.gov/articles/PMC3105195/ ; https://journals.biologists.com/dev/article/142/5/817/47199/A-pathway-to-bone-signaling-molecules-and
fracture_healing,COL2A1,up,"Fracture-healing / endochondral-repair composite spanning inflammatory priming, angiogenesis, cartilage-to-bone transition, osteogenesis, and remodeling.",https://pmc.ncbi.nlm.nih.gov/articles/PMC4833637/ ; https://pmc.ncbi.nlm.nih.gov/articles/PMC3105195/ ; https://journals.biologists.com/dev/article/142/5/817/47199/A-pathway-to-bone-signaling-molecules-and
fracture_healing,COL10A1,up,"Fracture-healing / endochondral-repair composite spanning inflammatory priming, angiogenesis, cartilage-to-bone transition, osteogenesis, and remodeling.",https://pmc.ncbi.nlm.nih.gov/articles/PMC4833637/ ; https://pmc.ncbi.nlm.nih.gov/articles/PMC3105195/ ; https://journals.biologists.com/dev/article/142/5/817/47199/A-pathway-to-bone-signaling-molecules-and
fracture_healing,MMP9,up,"Fracture-healing / endochondral-repair composite spanning inflammatory priming, angiogenesis, cartilage-to-bone transition, osteogenesis, and remodeling.",https://pmc.ncbi.nlm.nih.gov/articles/PMC4833637/ ; https://pmc.ncbi.nlm.nih.gov/articles/PMC3105195/ ; https://journals.biologists.com/dev/article/142/5/817/47199/A-pathway-to-bone-signaling-molecules-and
fracture_healing,MMP13,up,"Fracture-healing / endochondral-repair composite spanning inflammatory priming, angiogenesis, cartilage-to-bone transition, osteogenesis, and remodeling.",https://pmc.ncbi.nlm.nih.gov/articles/PMC4833637/ ; https://pmc.ncbi.nlm.nih.gov/articles/PMC3105195/ ; https://journals.biologists.com/dev/article/142/5/817/47199/A-pathway-to-bone-signaling-molecules-and
fracture_healing,ALPL,up,"Fracture-healing / endochondral-repair composite spanning inflammatory priming, angiogenesis, cartilage-to-bone transition, osteogenesis, and remodeling.",https://pmc.ncbi.nlm.nih.gov/articles/PMC4833637/ ; https://pmc.ncbi.nlm.nih.gov/articles/PMC3105195/ ; https://journals.biologists.com/dev/article/142/5/817/47199/A-pathway-to-bone-signaling-molecules-and
fracture_healing,SPP1,up,"Fracture-healing / endochondral-repair composite spanning inflammatory priming, angiogenesis, cartilage-to-bone transition, osteogenesis, and remodeling.",https://pmc.ncbi.nlm.nih.gov/articles/PMC4833637/ ; https://pmc.ncbi.nlm.nih.gov/articles/PMC3105195/ ; https://journals.biologists.com/dev/article/142/5/817/47199/A-pathway-to-bone-signaling-molecules-and
fracture_healing,IBSP,up,"Fracture-healing / endochondral-repair composite spanning inflammatory priming, angiogenesis, cartilage-to-bone transition, osteogenesis, and remodeling.",https://pmc.ncbi.nlm.nih.gov/articles/PMC4833637/ ; https://pmc.ncbi.nlm.nih.gov/articles/PMC3105195/ ; https://journals.biologists.com/dev/article/142/5/817/47199/A-pathway-to-bone-signaling-molecules-and
fracture_healing,POSTN,up,"Fracture-healing / endochondral-repair composite spanning inflammatory priming, angiogenesis, cartilage-to-bone transition, osteogenesis, and remodeling.",https://pmc.ncbi.nlm.nih.gov/articles/PMC4833637/ ; https://pmc.ncbi.nlm.nih.gov/articles/PMC3105195/ ; https://journals.biologists.com/dev/article/142/5/817/47199/A-pathway-to-bone-signaling-molecules-and
fracture_healing,BMP2,up,"Fracture-healing / endochondral-repair composite spanning inflammatory priming, angiogenesis, cartilage-to-bone transition, osteogenesis, and remodeling.",https://pmc.ncbi.nlm.nih.gov/articles/PMC4833637/ ; https://pmc.ncbi.nlm.nih.gov/articles/PMC3105195/ ; https://journals.biologists.com/dev/article/142/5/817/47199/A-pathway-to-bone-signaling-molecules-and
fracture_healing,ANGPT2,up,"Fracture-healing / endochondral-repair composite spanning inflammatory priming, angiogenesis, cartilage-to-bone transition, osteogenesis, and remodeling.",https://pmc.ncbi.nlm.nih.gov/articles/PMC4833637/ ; https://pmc.ncbi.nlm.nih.gov/articles/PMC3105195/ ; https://journals.biologists.com/dev/article/142/5/817/47199/A-pathway-to-bone-signaling-molecules-and
